,material_id,formula_pretty,property_value
0,mp-21464,CoReB,352.135
1,mp-10394,CrCoGe,183.828
2,mp-1941,GaNi,152.55
3,mp-2025,HfBe5,130.956
4,mp-889,Cr3B4,300.71
5,mp-19292,Co(AsO3)2,
6,mp-571039,CaAlPd,62.104
7,mp-938,GeTe,33.016
8,mp-7339,BaSiO3,57.994
9,mp-1346,B6O,228.689
10,mp-9564,Ca(MgAs)2,50.032
11,mp-21078,Fe3Ge,166.23
12,mp-32880,CuBr,
13,mp-567981,CrGaCo2,199.836
14,mp-604908,CoSe,10.701
15,mp-1029,BaF2,54.086
16,mp-28339,CaPPt,95.286
17,mp-22914,CuCl,56.095
18,mp-865989,Al2IrRu,218.535
19,mp-11798,Fe3Pt,
20,mp-9953,HfP,147.126
21,mp-20862,CoSe2,109.411
22,mp-12927,Ba(BeN)2,98.183
23,mp-871,FeSi,201.745
24,mp-570256,Ag2HgI4,12.21
25,mp-12359,AgSbTe2,52.694
26,mp-616378,CsSnI3,15.227
27,mp-15964,Hf3Sb,115.025
28,mp-12666,Be12Pd,125.309
29,mp-1903,BaAl4,50.737
30,mp-556911,FeF2,
31,mp-12806,Cu2GeTe3,49.734
32,mp-2469,CdS,53.24
33,mp-19435,CoMoO4,
34,mp-13,Fe,207.093
35,mp-30437,CaSnPd,66.403
36,mp-12802,AlCu3,131.586
37,mp-569803,B2W,320.671
38,mp-11388,GaIr,215.702
39,mp-22787,Fe2Si,237.179
40,mp-8439,Ca5(AlSb3)2,39.186
41,mp-361,Cu2O,111.715
42,mp-772856,CuHgO2,
43,mp-11826,CaPd5,115.09
44,mp-2323,BeCu,142.088
45,mp-3668,CdGeP2,65.34
46,mp-4385,CdCO3,89.565
47,mp-5795,CaMg2N2,101.805
48,mp-2606,BaPd5,99.329
49,mp-10616,BaLiAs,34.083
50,mp-27164,FeP4,136.947
51,mp-30481,CaPt5,167.886
52,mp-38394,Ba(AlTe2)2,21.215
53,mp-8881,AlAs,67.203
54,mp-540839,CsPbI3,9.811
55,mp-30151,CuAuSe4,29.101
56,mp-10598,CuSn,76.069
57,mp-2691,CdSe,44.641
58,mp-29066,Al3Fe2Si3,
59,mp-8039,AlF3,124.366
60,mp-1008929,FeN,193.323
61,mp-196,Al5Co2,124.129
62,mp-9473,Ba(NiP)2,76.493
63,mp-763353,Fe4O5F3,
64,mp-2157,Co3W,398.598
65,mp-1113,BW2,329.552
66,mp-21495,CrFeP,238.171
67,mp-689940,CoPO4,
68,mp-19035,BaFeO3,
69,mp-2653,BN,373.485
70,mp-569346,CuI,38.568
71,mp-1649,Fe3Pt,194.897
72,mp-6962,Ba(AsPd)2,63.365
73,mp-5777,BaTiO3,97.867
74,mp-10904,AlPt,179.259
75,mp-22735,Ca2Sn,29.28
76,mp-18257,Fe7C3,240.169
77,mp-1885,AlIr,229.406
78,mp-406,CdTe,35.041
79,mp-1871,Fe2C,222.238
80,mp-571053,Al5Mo,117.921
81,mp-23752,Cs2MgH4,13.137
82,mp-997182,C,
83,mp-867306,AlCuAu2,134.721
84,mp-3813,Ba2ZrS4,55.272
85,mp-867266,CaMgTl2,33.477
86,mp-27891,Bi2SO2,43.238
87,mp-12699,Ca3Au4,51.992
88,mp-19178,CoAgO2,
89,mp-766,As2Ru,150.88
90,mp-15641,CaMgGe,46.805
91,mp-1387,AlV3,161.804
92,mp-19821,Cr2GeC,199.111
93,mp-22414,CuSeO3,27.12
94,mp-19306,Fe3O4,
95,mp-997034,BaCuO2,76.627
96,mp-16886,CdAu,93.631
97,mp-1915,Fe2B,220.866
98,mp-13089,Cu2SnTe3,46.933
99,mp-570001,Al6Fe,105.11
100,mp-2542,BeO,208.037
101,mp-16775,CdCu2,100.935
102,mp-7910,Al2HgTe4,25.112
103,mp-7422,Ca(CuP)2,90.672
104,mp-755,CoSb2,98.829
105,mp-17856,Al7CoCu2,112.097
106,mp-7591,GeAs,68.076
107,mp-13270,CaAg2,48.592
108,mp-19968,CaIn2Cu,45.357
109,mp-19210,CoPtO2,
110,mp-30383,Hf2Au,133.005
111,mp-510623,Fe3C,218.157
112,mp-20868,Fe2W,259.462
113,mp-2667,CsAu,10.059
114,mp-18919,CoPdO2,
115,mp-23262,Bi2O3,53.426
116,mp-10969,CdCN2,83.537
117,mp-774,CaNi5,115.071
118,mp-571262,CaRh2,118.844
119,mp-30443,Be17Ru3,151.947
120,mp-448,CoN,248.591
121,mp-549158,InCuO2,120.572
122,mp-11454,Hf2Pd,136.094
123,mp-9956,AlCr2C,188.491
124,mp-31498,BaPt,49.609
125,mp-567769,Ca(SiPd)2,103.239
126,mp-779689,H3N,
127,mp-833,CaPd2,93.613
128,mp-8566,Ag,88.449
129,mp-27456,BaBr2,21.78
130,mp-8880,AlP,82.62
131,mp-12657,HfAl2,119.513
132,mp-542569,AlRu,203.483
133,mp-756436,FeO,
134,mp-2371,Ga2Te5,13.543
135,mp-20027,FeP2,175.013
136,mp-7786,CsCu3S2,10.16
137,mp-7692,Al(CrB)2,227.31
138,mp-142,Ga,50.024
139,mp-30312,Ca2SiIr2,96.433
140,mp-5986,BaTiO3,107.183
141,mp-865191,FeGeRu2,223.605
142,mp-568495,Cu10Sn3,
143,mp-11452,HfOs,225.228
144,mp-20997,InNi,116.101
145,mp-259,AlMo3,224.498
146,mp-31160,CaZnSn,46.54
147,mp-7704,Ca(AlSi)2,60.78
148,mp-27660,Ba(FeS2)2,41.504
149,mp-2070,CoS2,127.327
150,mp-213,CaPd,55.058
151,mp-568293,Ca3N2,72.375
152,mp-2802,HfRu,198.115
153,mp-16526,AlPt2,203.954
154,mp-11407,GaPt3,215.396
155,mp-8640,Hf,102.549
156,mp-862631,Ba2SbAu,31.487
157,mp-13463,FeNiPt2,211.801
158,mp-16495,AlCrFe2,223.142
159,mp-20714,FeSb2,91.182
160,mp-867319,Al2CoIr,199.848
161,mp-865733,CoTc3,287.788
162,mp-248,Fe2N,248.656
163,mp-568695,CaCdSn,42.528
164,mp-5597,Ca(FeP)2,93.804
165,mp-20192,HfMnSi,163.306
166,mp-45,Ca,17.224
167,mp-21236,BaPPt,79.315
168,mp-18300,Ca3AlSb3,37.606
169,mp-20465,As2Pd,110.797
170,mp-9569,Ca(ZnP)2,66.211
171,mp-4152,Ga2CoS4,40.307
172,mp-28020,AlCuCl4,10.74
173,mp-20857,CoB,308.915
174,mp-568598,Cu2HgI4,17.315
175,mp-1057,Al3Ni2,131.24
176,mp-865985,CdPd3,135.78
177,mp-30594,Cu4Pd,145.218
178,mp-15963,HfPRu,220.115
179,mp-352,HfO2,204.904
180,mp-2794,Fe5C2,230.615
181,mp-22151,BaGePt,65.25
182,mp-569558,AlAu2,120.192
183,mp-754157,AlInO3,181.883
184,mp-11959,CaSn2Rh,66.913
185,mp-1121,GaCo,173.828
186,mp-32,Ge,57.916
187,mp-23406,Cs2PtCl6,8.616
188,mp-31059,Ba(AlGe)2,43.029
189,mp-568961,Ba(FeAs)2,
190,mp-9945,CoTe2,74.058
191,mp-865212,Fe3Re,-1181.2
192,mp-2172,AlAs,67.291
193,mp-674478,BaCO3,52.012
194,mp-1073,CaCd,31.367
195,mp-570553,FeP4,135.276
196,mp-7917,HfGeSe,111.031
197,mp-103,Hf,108.287
198,mp-12549,BaAl9Ni2,85.769
199,mp-752398,BaCuO2,98.185
200,mp-545974,AlPO4,121.145
201,mp-22309,CoSe2,99.992
202,mp-8983,CaSiPt,102.152
203,mp-2534,GaAs,60.742
204,mp-3163,BaSnO3,133.913
205,mp-2700,CaSi2,61.714
206,mp-22346,BaGe3Pt,74.417
207,mp-541753,Cs2WBr6,
208,mp-34202,Bi2Te3,14.402
209,mp-30441,Be17Nb2,140.051
210,mp-2444,GaRh,179.773
211,mp-1477,BaSi2,31.472
212,mp-11287,CaHg2,38.37
213,mp-7909,Al2CdTe4,25.418
214,mp-1502,Al2Pt,129.675
215,mp-3038,Al2HgSe4,31.433
216,mp-19421,FeWO4,
217,mp-22498,CrSb2,56.636
218,mp-27505,Fe3Sn2,108.798
219,mp-7429,Ca(ZnSb)2,43.544
220,mp-754515,BaMgGe,33.215
221,mp-8016,AlCuSe2,63.574
222,mp-13364,CaZn2,46.953
223,mp-1575,CaC2,58.177
224,mp-5305,CuAsS,66.107
225,mp-30234,Cs2WCl6,
226,mp-7577,CoSi,226.984
227,mp-23227,CuBr,23.429
228,mp-29209,Ba(MgBi)2,31.668
229,mp-927,CuP2,87.682
230,mp-35143,BaNbS3,47.8
231,mp-866115,Be2PdRh,193.549
232,mp-31153,CaGePt,89.711
233,mp-1882,CaCu5,90.279
234,mp-778,Fe2P,219.035
235,mp-1501,Al3Pt5,199.949
236,mp-28645,CaNiN,107.264
237,mp-865147,Be2CuRu,182.617
238,mp-1222,CrSi2,194.579
239,mp-4989,CrNiAs,130.106
240,mp-2733,Al8Mo3,142.751
241,mp-8883,GaAs,60.75
242,mp-28896,CuBIr,195.576
243,mp-5020,BaTiO3,94.151
244,mp-27148,BeP2,89.366
245,mp-7907,Al2ZnSe4,36.886
246,mp-580357,Cu3Pd,149.816
247,mp-571622,Be12Pt,132.244
248,mp-19128,CoO,
249,mp-2831,FePd,168.069
250,mp-20452,Ba(MgPb)2,30.681
251,mp-31147,BaZnSi,43.884
252,mp-18093,Al2Mo3C,225.38
253,mp-10010,Al(CoSi)2,187.321
254,mp-2513,As2Pt,136.486
255,mp-132,Ca,17.349
256,mp-1432,Be2B,144.862
257,mp-614603,CsI,8.224
258,mp-12065,Ag3Pt,121.006
259,mp-21117,FeGe2,117.621
260,mp-10848,AsPdS,100.205
261,mp-862,CaSi2,58.747
262,mp-6915,As2PdO6,140.541
263,mp-13149,BaAlSi,48.725
264,mp-2310,CdO2,105.752
265,mp-540284,CuPO4,43.445
266,mp-22592,CaTi4(CuO4)3,202.999
267,mp-4478,CaSiPt,82.686
268,mp-540957,Cs2TeI6,7.489
269,mp-10883,AlCrCo2,199.303
270,mp-11276,BeRh,207.982
271,mp-2998,BaTiO3,166.907
272,mp-672254,CaPdPb,57.601
273,mp-4259,Ca(CoGe)2,73.576
274,mp-989399,Ca6Al2NF,42.035
275,mp-21845,FePd3,166.438
276,mp-568746,Bi2Pd,55.534
277,mp-6988,FeN,272.864
278,mp-14092,AlAgTe2,42.2
279,mp-22895,CuI,38.237
280,mp-4826,CaCuO2,120.874
281,mp-14116,CuRhO2,163.487
282,mp-23260,BaI2,16.076
283,mp-626680,Fe(HO)2,
284,mp-8911,CuAgS,46.958
285,mp-29398,Cs2HfI6,6.99
286,mp-4883,Ba(FeP)2,83.619
287,mp-6963,Ba(SbPd)2,63.981
288,mp-12814,Ba3SbN,26.349
289,mp-423,GePd2,152.76
290,mp-2379,CoSi2,173.636
291,mp-5292,Ca(SiNi)2,115.307
292,mp-11,As,31.388
293,mp-16718,Al6Tc,107.586
294,mp-11958,CaSn2Pd,58.694
295,mp-622209,Al3Ni,112.917
296,mp-23485,Ag2HgI4,10.806
297,mp-8842,CaSiPd,65.66
298,mp-569603,BaCa4(CuN2)2,
299,mp-2432,CaMg2,30.093
300,mp-644280,GaCuPt2,188.8
301,mp-5014,CuAgS,43.849
302,mp-829,AlPd,155.221
303,mp-949,CoPt,218.25
304,mp-22913,CuBr,42.59
305,mp-11957,CaSn2Ir,75.338
306,mp-16960,AlPt2,205.051
307,mp-12779,CdTe,34.727
308,mp-570930,Bi2Pb2Se5,17.34
309,mp-593,Al4Cu9,
310,mp-16514,Al3Ni5,172.818
311,mp-568565,CrAs,97.069
312,mp-1132,CdO,127.369
313,mp-505825,Cs2PtC2,32.694
314,mp-8110,AlBO3,202.44
315,mp-1253,BaSe,35.501
316,mp-16522,Al2Pd,109.96
317,mp-27757,Be4B,138.194
318,mp-8094,Ba2Hg,16.104
319,mp-917,CaC2,57.644
320,mp-569628,CaCdAu,53.32
321,mp-1700,AlN,194.648
322,mp-569581,Bi2Pt,35.201
323,mp-4955,AlVCo2,195.177
324,mp-8335,Ba2ZrO4,105.829
325,mp-2500,AlCu,112.579
326,mp-20937,Cr3C2,319.679
327,mp-550,Al12Mo,91.875
328,mp-754826,CsScO2,62.741
329,mp-4730,Ga2HgSe4,30.818
330,mp-2741,CaF2,80.16
331,mp-30488,CdHg2,30.017
332,mp-14091,AlAgSe2,52.422
333,mp-10905,Al3Pt2,150.267
334,mp-4744,Ca(NiAs)2,84.598
335,mp-1005,FeP,207.432
336,mp-4979,AlCuS2,82.165
337,mp-542640,GePt,141.112
338,mp-8432,CaCuP,73.255
339,mp-2028,Be2Nb,156.483
340,mp-1194,CdPt,139.891
341,mp-20826,CuTe,12.527
342,mp-754008,BaCuO2,
343,mp-1672,CaS,56.852
344,mp-25886,CuPO4,59.509
345,mp-504,CuS,79.551
346,mp-567510,BaSn2,32.687
347,mp-18966,FeAgO2,
348,mp-16337,Ga2HgTe4,25.141
349,mp-3210,Ca(CoP)2,91.812
350,mp-10437,Ba(CuSe)2,67.478
351,mp-16363,CoAsS,123.363
352,mp-5782,AlAgS2,62.691
353,mp-754363,Ba2HfO4,109.181
354,mp-7427,Ba(ZnAs)2,51.414
355,mp-4262,BeAlB,140.226
356,mp-761415,CuNi3O4,
357,mp-4666,CdSiP2,74.415
358,mp-11879,BaNiSn3,46.496
359,mp-1784,CsF,21.461
360,mp-684668,CaC2,
361,mp-1264,CdAu3,113.161
362,mp-570081,CuI,7.218
363,mp-830,GaN,171.704
364,mp-22095,Ga2Pt,101.898
365,mp-2515,CrPt3,231.851
366,mp-11176,Ca3(SiIr)4,131.909
367,mp-581786,Cu3Sn,106.169
368,mp-241,CdF2,95.332
369,mp-5827,CaTiO3,176.478
370,mp-16488,Al9Co2,107.487
371,mp-1725,CaZn2,44.942
372,mp-13911,Ca(ZnGe)2,57.614
373,mp-570904,GaNi2,167.858
374,mp-10886,Al3Cu2,97.903
375,mp-9578,Ba3(AlSi)2,35.047
376,mp-625136,CsHO,24.052
377,mp-9567,Ba(MgSb)2,36.216
378,mp-3534,Ge2Sb2Te5,22.025
379,mp-844,Ca3N2,67.434
380,mp-11290,CaSn3,44.225
381,mp-9690,Ca(AlGa)2,58.788
382,mp-998866,C,355.313
383,mp-561511,FeAsS,139.131
384,mp-6914,CaGa,37.038
385,mp-7582,GeS2,17.991
386,mp-20679,Co3SnC,198.668
387,mp-571222,CsBr,10.316
388,mp-9321,Ba2HfS4,56.786
389,mp-811,BaPt5,147.734
390,mp-11288,Ca3Hg2,30.44
391,mp-8818,Ca2ZnN2,81.76
392,mp-22888,CaBr2,19.942
393,mp-364,AlRh,194.408
394,mp-8978,CsNbN2,94.476
395,mp-12723,CaAu,47.167
396,mp-1500,BaS,41.171
397,mp-306,B2O3,33.164
398,mp-10692,CoGe,54245.001
399,mp-1714,FeSi2,182.055
400,mp-2490,GaP,76.335
401,mp-22759,CoBW,325.769
402,mp-10293,BaC2,40.469
403,mp-618991,Cu2S,91.372
404,mp-14285,CoP2,164.337
405,mp-1272,Cr3Ru,265.536
406,mp-2554,Al3V,122.019
407,mp-13138,Cu3Sn,106.478
408,mp-11269,BaSn3Pd,55.006
409,mp-1143,Al2O3,231.003
410,mp-8281,Ba(CdAs)2,44.501
411,mp-10901,Al3Pd2,127.891
412,mp-1791,Al5Rh2,131.181
413,mp-27577,Cd2As3I,36.257
414,mp-2404,CaAl2,55.931
415,mp-30353,AgPt3,200.369
416,mp-23060,Cs2PtI6,7.331
417,mp-16523,Al3Pd5,157.304
418,mp-4728,Cu2GeSe3,59.424
419,mp-620571,CaInPd,60.927
420,mp-8150,Ba(CdSb)2,35.993
421,mp-488,CuSe,64.721
422,mp-4182,CrAgS2,77.616
423,mp-10597,Ag,90.122
424,mp-2090,FeCo,189.836
425,mp-8780,Cr2N,288.234
426,mp-30175,Ca(AlZn)2,62.198
427,mp-13450,HfSb,100.739
428,mp-1648,Al12Re,98.031
429,mp-21850,Fe3SnC,293.392
430,mp-649774,CuSbPbS3,
431,mp-862669,BeFe2Si,219.307
432,mp-867917,CuGeRh2,199.92
433,mp-11299,Cd2Hg,37.856
434,mp-1012551,BaBrCl,29.178
435,mp-9938,Hf2Si,141.732
436,mp-22894,AgI,25.5
437,mp-18965,BaCoO3,
438,mp-30472,Ca2GaCu2,53.652
439,mp-29145,H3N,8.895
440,mp-10379,Hf3(Cu2Ge)2,137.085
441,mp-22156,Hf2InC,
442,mp-122,Ba,8.934
443,mp-996990,BaAgO2,82.961
444,mp-569066,Cs2PdI6,7.646
445,mp-13452,BePd2,166.194
446,mp-2654,Al2S3,32.575
447,mp-20516,InPt3,
448,mp-535,Fe4N,193.027
449,mp-22752,FeSn2,80.683
450,mp-865229,Be2NiIr,231.437
451,mp-7876,Ba(MgGe)2,43.231
452,mp-19399,Cr2O3,
453,mp-5606,AlTlF4,56.864
454,mp-19387,CdWO4,
455,mp-1008610,AuN,172.053
456,mp-1479,BP,162.017
457,mp-30581,Hf2Cu,123.959
458,mp-87,Be,120.019
459,mp-601820,Fe3Co,182.283
460,mp-1689,HfRe2,262.427
461,mp-8995,Cs2NbF6,22.614
462,mp-9029,Ca3VN3,87.062
463,mp-10670,Ca3(AlGe)2,45.848
464,mp-9801,HfCoAs,177.383
465,mp-1027,HfRh3,215.169
466,mp-10849,AsPdSe,95.795
467,mp-1444,CaCd2,35.875
468,mp-998552,BaHfO3,159.196
469,mp-2027,HfCo,123.98
470,mp-21075,HfC,239.071
471,mp-675766,K4CO6,
472,mp-23067,K2PdCl6,12.406
473,mp-1156,GaSb,44.793
474,mp-6959,Ga2NiS4,16.259
475,mp-12087,Cu2S,91.395
476,mp-568920,CaAu5,98.377
477,mp-5046,BeSO4,37.858
478,mp-2008,FeAs2,135.973
479,mp-571264,Ca5Au4,41.626
480,mp-12777,AlCu3,138.352
481,mp-4019,CaTiO3,172.274
482,mp-7832,BW,341.8
483,mp-427,FeAs,160.334
484,mp-284,AlCo,178.781
485,mp-567929,Al13Os4,147.4
486,mp-11227,Al12W,92.968
487,mp-15722,Fe2B4Mo,322.925
488,mp-3834,BaZrO3,148.845
489,mp-863744,Ca2PdAu,51.164
490,mp-996975,CuAgO2,111.192
491,mp-7781,CaZrS3,68.832
492,mp-30438,Be2Cr,182.568
493,mp-2103,CuAu3,135.617
494,mp-607111,AlPt3,218.746
495,mp-3159,Al2CdSe4,31.918
496,mp-675120,Cu2SiTe3,51.832
497,mp-541037,CsCuO,13.66
498,mp-2031,Be2Cu,135.017
499,mp-583,CoAs,195.215
500,mp-16483,BaAl9Fe2,79.367
501,mp-1001023,BeC2,81.201
502,mp-21255,FeGe,156.708
503,mp-570677,Ba5Al5Sn,29.211
504,mp-13453,BePd3,158.862
505,mp-861738,CaMgPb,36.51
506,mp-13119,CdO,91.875
507,mp-8458,BaAsPt,68.239
508,mp-580234,Fe3RhN,180.818
509,mp-1008922,CuN,203.809
510,mp-15649,As2Ir,152.046
511,mp-446,Cr3Pt,242.7
512,mp-4864,CaMgSn,40.739
513,mp-505562,CrCuO2,
514,mp-22461,Fe3Sn,124.102
515,mp-9565,Ca(MgSb)2,39.782
516,mp-8279,Ba(CdP)2,50.707
517,mp-22864,Bi2Pt,82.069
518,mp-3805,Al(FeB)2,224.5
519,mp-8017,AlCuTe2,49.905
520,mp-10044,BAs,131.927
521,mp-22262,CoMoP,244.767
522,mp-30428,BaCu,20.544
523,mp-556548,Bi(BO2)3,87.617
524,mp-985805,AlAg2,94.159
525,mp-1734,CaZn5,59.683
526,mp-568827,Be12W,144.936
527,mp-754126,CuAuO2,147.559
528,mp-1219,BaGa2,35.919
529,mp-416,Cr3Os,279.999
530,mp-510691,Hf5Sn4,111.118
531,mp-10759,GeSe,57.611
532,mp-569624,HfCr2,186.81
533,mp-81,Au,134.195
534,mp-2258,Cu3Au,104.875
535,mp-3988,BaCu3O4,77.551
536,mp-2715,CoAs2,121.796
537,mp-11834,CuNiSb2,81.671
538,mp-9307,Ba2ZnN2,53.731
539,mp-571367,Hf(CoSi)2,158.095
540,mp-16528,Al6Re,112.677
541,mp-2644,CoSb,148.223
542,mp-2213,FeNi,184.902
543,mp-10245,Hf3(CuSi)4,155.079
544,mp-11359,Ga2Cu,70.807
545,mp-27828,Cs2TiCl6,9.126
546,mp-760381,CuS,81.684
547,mp-11286,CaHg,36.327
548,mp-540111,FePO4,
549,mp-19138,BaNiO3,
550,mp-555599,CuS,58.947
551,mp-11387,HfGa3,100.608
552,mp-30570,CrGaFe2,204.598
553,mp-2658,AlFe,170.575
554,mp-30366,Ca3Au,
555,mp-8937,CrSi2,189.969
556,mp-19177,CrO2,
557,mp-226,FeS2,145.937
558,mp-1008274,Co3W,274.04
559,mp-643409,Ba4Y(CuO3)3,103.322
560,mp-559435,CoF3,
561,mp-2824,AlPd2,157.601
562,mp-729,Cr3Si,246.829
563,mp-17045,Hf3Rh5,192.803
564,mp-1229,CuF2,66.947
565,mp-20900,Cu3Sb,90.479
566,mp-2199,Fe3Si,210.833
567,mp-4753,Al2SiO5,142.634
568,mp-1404,CdAu,89.162
569,mp-865193,Co3Pt,211.803
570,mp-20730,HfCo2Sn,161.751
571,mp-510311,BaZnPb,29.868
572,mp-1220,Be5Au,138.173
573,mp-902,BaZn,20.356
574,mp-5213,CdSnP2,57.007
575,mp-7424,BPd2,173.199
576,mp-1522,FeS2,162.063
577,mp-21347,CoBMo,299.575
578,mp-8182,As3Rh,115.538
579,mp-7377,Ba3(AlSn)2,31.429
580,mp-866291,AgBr,27.578
581,mp-567666,Ba3BiN,24.629
582,mp-567652,Cs2LiYCl6,19.256
583,mp-922,CoPt3,227.99
584,mp-10887,HfAlCu2,134.159
585,mp-12585,CrRh3,230.758
586,mp-16501,HfAlPd2,156.936
587,mp-29403,GaCuI4,8.702
588,mp-18167,Ca3Cd2,28.128
589,mp-21476,Fe2N,240.287
590,mp-4559,BaCO3,46.663
591,mp-20817,GePtSe,120.097
592,mp-1918,FeRh,198.729
593,mp-4441,Ca(CuGe)2,79.246
594,mp-20155,CoSn2,103.565
595,mp-3955,AlPO4,30.491
596,mp-20432,Fe2Ge,141.838
597,mp-27255,Ga2TeS2,24.352
598,mp-29641,GeSb4Te7,18.188
599,mp-23807,AlHO2,157.945
600,mp-12137,Ca(ZnSi)2,69.984
601,mp-8237,Ba(AsPd)2,58.202
602,mp-11191,CrSi2,194.648
603,mp-761574,CoSnO3,
604,mp-30365,BeAu,148.197
605,mp-5748,HfAlNi2,160.645
606,mp-754701,CaTiO3,135.519
607,mp-22204,Co2P,223.42
608,mp-568809,Ba5Al5Pb,28.583
609,mp-875,AlOs,236.689
610,mp-8487,CaSbPt,81.669
611,mp-3748,AlCuO2,156.0
612,mp-30435,BaZn2,27.55
613,mp-7048,Al2O3,186.365
614,mp-760,FeSe2,125.468
615,mp-558852,FeF3,
616,mp-2624,AlSb,49.576
617,mp-16529,Al6Ru,111.884
618,mp-38683,Co2NiO4,
619,mp-94,Cd,41.91
620,mp-505517,BaNb4O6,183.851
621,mp-5869,Ca2CuO3,112.399
622,mp-16521,Al3Os2,202.423
623,mp-12954,CuBS2,117.314
624,mp-27393,AlPd5I2,15.439
625,mp-8882,GaP,76.25
626,mp-5166,Ca(AsPd)2,88.276
627,mp-2773,BeCo,196.762
628,mp-8606,BaSbPt,57.332
629,mp-30483,CaZn,32.099
630,mp-12863,Ba(AlSi)2,38.836
631,mp-8372,CaSi2,60.404
632,mp-553303,CsCu3O2,6.316
633,mp-22478,FeGe,152.403
634,mp-684580,AgI,
635,mp-5933,BaTiO3,139.365
636,mp-571599,Ba(BiPd)2,59.927
637,mp-13272,BaAlGe,43.108
638,mp-2501,BMo2,293.327
639,mp-10909,AlRe2,244.694
640,mp-23214,CaCl2,16.828
641,mp-1317,CoSb3,84.037
642,mp-504711,CoCuO2,
643,mp-2225,Be2Fe,154.342
644,mp-22631,Co2N,246.43
645,mp-8790,Ba2CuO3,77.113
646,mp-7506,Cr5Si3,224.113
647,mp-865,CaB6,146.893
648,mp-19225,FeAgO2,
649,mp-11275,Be2Re,241.539
650,mp-5486,Ca(CuSi)2,97.787
651,mp-30180,Al4Mo,111.709
652,mp-22793,AlFe3C,232.51
653,mp-8280,Ba(MgAs)2,45.089
654,mp-1890,BMo,311.129
655,mp-842,CaPt2,132.905
656,mp-10615,BaLiP,37.873
657,mp-4120,CaCuAs,64.433
658,mp-605663,AlPd5,160.22
659,mp-23195,Bi2O3,20.242
660,mp-2647,Al2Au,104.282
661,mp-8401,CsMgF3,62.499
662,mp-28895,Ba(P2Pd)2,87.709
663,mp-1804,Fe3N,253.773
664,mp-644264,Ca4Mg4Fe3H22,57.274
665,mp-21374,Cd(InTe2)2,20.89
666,mp-9571,Ca(ZnAs)2,57.237
667,mp-643243,Cs2H6Pt,11.873
668,mp-4255,Ba(CuS)2,67.265
669,mp-760410,BePO4,31.26
670,mp-10884,AlFeCo2,187.706
671,mp-756018,BaMgO2,79.228
672,mp-3020,BaNbO3,167.842
673,mp-4842,Al2ZnS4,84.975
674,mp-5928,Al2CdS4,38.504
675,mp-8200,AgP2,63.049
676,mp-9198,Fe(SiP)4,112.916
677,mp-2517,Ca2Si,36.705
678,mp-22919,AgI,34.265
679,mp-985806,Al2Cu,96.231
680,mp-1590,Be12Cr,179.312
681,mp-28897,BIrPd,236.227
682,mp-606949,C,
683,mp-23431,CsCu2I3,8.359
684,mp-650,Be5Pd,142.084
685,mp-7574,AlBMo,211.148
686,mp-11272,Be2Nb3,166.723
687,mp-704645,CuO,
688,mp-567841,Be3P2,91.876
689,mp-20883,Fe3Sn,116.858
690,mp-19201,CaMnO3,
691,mp-570689,CaInPt,72.999
692,mp-5778,AlVFe2,220.899
693,mp-1825,Cu2Sb,79.248
694,mp-4472,BMo2C,316.049
695,mp-22904,CaCl2,31.987
696,mp-22270,CoP,-384690.157
697,mp-1609,Cr3Ir,275.177
698,mp-12532,KAg2PS4,36.776
699,mp-944,AlB2,190.335
700,mp-4236,BaZnO2,82.555
701,mp-568661,Cd(InSe2)2,24.544
702,mp-4280,GaCuO2,148.134
703,mp-20793,Ga2FeS4,16.854
704,mp-675324,BaCO3,
705,mp-29674,Al2B2Ru3,230.449
706,mp-11019,GaCuO2,148.405
707,mp-17524,GeAs2,13.477
708,mp-8236,Ba(PPd)2,61.494
709,mp-10456,HfSiPt,192.495
710,mp-15987,Hf3(Cu2Si)2,145.521
711,mp-374,CrB2,259.702
712,mp-7364,Ca(SiAu)2,93.089
713,mp-12761,BeAu2,137.288
714,mp-22154,In2Au,53.29
715,mp-29208,Ca(MgBi)2,34.698
716,mp-31516,Co(ReO4)2,
717,mp-1418,FeNi3,199.381
718,mp-2605,CaO,105.841
719,mp-239,BaS3,33.079
720,mp-12083,CrIr3,307.958
721,mp-10910,Al2Ru,166.651
722,mp-6926,Ca(PPd)2,110.532
723,mp-23715,BaH2,30.008
724,mp-3576,HfGaCo2,172.836
725,mp-188,AlPt3,224.023
726,mp-7906,Al2HgS4,37.528
727,mp-4627,CoAsS,135.022
728,mp-639789,Fe2Re3,845763.171
729,mp-685097,HfO2,208.48
730,mp-20738,FeSi2,185.12
731,mp-542812,GaTe,9.638
732,mp-134,Al,76.871
733,mp-560976,KNiF3,
734,mp-23713,CaH2,46.806
735,mp-2000,CuSe2,69.629
736,mp-866311,Bi3BrO4,59.352
737,mp-4124,CaCN2,69.862
738,mp-23152,Bi,27.767
739,mp-2260,FePt,200.39
740,mp-20197,Cr2GaC,183.799
741,mp-493,Co2B,
742,mp-865798,GaCu3,124.561
743,mp-14069,CsAlO2,92.213
744,mp-10000,Hf2S,133.807
745,mp-20351,InP,59.35
746,mp-1105,BaO2,65.16
747,mp-985825,Al3Cu,64.012
748,mp-13963,HfSiTe,33.487
749,mp-865130,Hf2MoRh,173.159
750,mp-1982,Al21Pt8,132.661
751,mp-867144,CaMgHg2,40.504
752,mp-10669,Ba3(AlGe)2,33.114
753,mp-7804,HfCo3B2,253.383
754,mp-20426,Fe2As,136.13
755,mp-603,Be2Ag,125.633
756,mp-819,HfCr2,188.948
757,mp-557373,Cu2WS4,8.464
758,mp-1424,GePd,122.742
759,mp-29638,BiTePt,86.263
760,mp-570197,Bi2Pd,52.094
761,mp-17862,Ag3Ge5P6,64.884
762,mp-645159,FeBiO3,
763,mp-3702,FeCuPt2,197.434
764,mp-568974,Ca(CuSn)2,63.562
765,mp-16334,Fe3PdN,
766,mp-504741,Hf(FeSi)2,181.136
767,mp-3464,FeSiRu2,232.733
768,mp-443,CaAu2,65.801
769,mp-30595,CuSnRh2,177.039
770,mp-22598,In2O3,144.766
771,mp-3397,Ba2TiO4,64.743
772,mp-5473,CaMgSi,50.491
773,mp-31383,Hf6CoBi2,107.37
774,mp-9570,Ca(CdP)2,57.023
775,mp-1008557,AlBN2,257.912
776,mp-776083,HfSnO3,22.014
777,mp-19050,Ca2MnO4,
778,mp-573697,CsCl,12.229
779,mp-568607,Al5Mo,119.966
780,mp-510281,FeCuO2,
781,mp-10063,CdSnSb2,36.646
782,mp-22469,InNi3,
783,mp-755115,CuReO4,47.537
784,mp-23231,AgBr,38.284
785,mp-540925,Hg2AsF6,17.53
786,mp-557862,BaAg2(HgO2)2,45.872
787,mp-522,CuAu,138.201
788,mp-468,AlF3,39.119
789,mp-3098,AlCuO2,178.355
790,mp-12608,CuPt7,229.485
791,mp-1498,Al21Pd8,-1128047.37
792,mp-13155,Hf2Ag,111.1
793,mp-2363,HfMo2,304.609
794,mp-30461,BiPd2Pb,83.365
795,mp-12086,Cu3Pt,169.333
796,mp-3315,CaPd3O4,161.478
797,mp-3104,BaZrN2,100.324
798,mp-13156,HfAg,114.117
799,mp-788,CoTe,113.699
800,mp-2685,HgPd,114.745
801,mp-29111,Al2Fe3Si4,173.637
802,mp-755483,Al2O3,212.651
803,mp-18695,Fe15Co,181.802
804,mp-15297,Hf6NiSb2,131.265
805,mp-643370,Ba2MgH6,38.587
806,mp-11282,Be2W,217.897
807,mp-541837,Bi2Se3,10.752
808,mp-18849,Fe2P2O7,
809,mp-505824,Cs2PdC2,27.319
810,mp-27731,HfH2,146.977
811,mp-29011,BiTePd,74.017
812,mp-7430,Ca(CdSb)2,39.354
813,mp-761842,Hf3SnO8,182.505
814,mp-1473,Fe7W6,337.469
815,mp-754134,HfZrO4,203.819
816,mp-1475,Be12Mo,
817,mp-1749,CaAl4,56.287
818,mp-1569,Be2C,200.504
819,mp-754624,Al2O3,187.289
820,mp-8982,CaSiPt,61.333
821,mp-10322,BaHfN2,104.52
822,mp-9744,BaAsPd,58.991
823,mp-10877,Ca(Al2Cu)4,81.186
824,mp-20563,Ba(CoAs)2,76.172
825,mp-37614,Al2NiO4,
826,mp-19086,BaCoO2,
827,mp-30,Cu,151.394
828,mp-641526,Fe13Co3,170.181
829,mp-21104,Hf5Sn3,113.876
830,mp-1677,Be2Mo,197.598
831,mp-3953,CaCO3,75.231
832,mp-12772,Hf2Al,111.173
833,mp-90,Cr,233.652
834,mp-136,Fe,295.605
835,mp-567681,CsPbBr3,11.602
836,mp-13948,Cs2HfF6,19.374
837,mp-510437,In3Pd2,88.536
838,mp-2294,Al3Ir,150.642
839,mp-20551,GaCo2Ni,
840,mp-646824,Ca3Ag8,49.399
841,mp-784631,CrNi2,221.367
842,mp-567191,CaAlSi,55.59
843,mp-7875,Ba(MgSi)2,49.007
844,mp-754538,HgPtO2,39.043
845,mp-553946,CoAsS,142.377
846,mp-2780,Fe3Se4,85.127
847,mp-30363,BaAu2,44.664
848,mp-32669,Ag2S,
849,mp-22546,CoAsRh,195.109
850,mp-568912,Be12Nb,134.036
851,mp-7486,BaNiS2,56.285
852,mp-54,Co,-1127.579
853,mp-22870,InBr,13.519
854,mp-4064,Ca(NiP)2,105.433
855,mp-7908,Al2ZnTe4,28.836
856,mp-1078,CaCd2,39.906
857,mp-13154,Fe3C,201.825
858,mp-866224,Be2NiPt,197.731
859,mp-21027,CaIn2Pt,66.9
860,mp-3173,CaAlSi,56.962
861,mp-11281,Be2V,158.028
862,mp-570150,CaAlSi,56.461
863,mp-1692,CuO,144.365
864,mp-9262,Cs2PtF6,11.837
865,mp-567164,BRh,276.584
866,mp-2280,CuSe2,74.484
867,mp-20545,Cu3AsS4,71.506
868,mp-102,Co,200.587
869,mp-22304,Cd(InSe2)2,23.569
870,mp-22925,AgI,25.685
871,mp-124,Ag,87.692
872,mp-625055,AlHO2,91.937
873,mp-9768,BaSb2Pd,54.789
874,mp-12467,Ca5Sb3,36.153
875,mp-22784,InNi3,
876,mp-32994,Hf4N3,225.032
877,mp-7189,AlPd,149.85
878,mp-7916,HfSiS,134.279
879,mp-2949,Ca(NiGe)2,80.39
880,mp-12070,CuAs,106.034
881,mp-8278,Ba(MgP)2,51.07
882,mp-3862,Ca(AlGe)2,59.086
883,mp-569458,AlV4C3,218.608
884,mp-8093,Ba2Cd,14.827
885,mp-12571,HfBeSi,147.205
886,mp-29352,Ba2PdO3,86.049
887,mp-998,Al2Cu,107.587
888,mp-864798,HfZnIr2,211.726
889,mp-20066,CO2,4.63
890,mp-12614,Ca2Cu,24.15
891,mp-570436,CaIr2,720887.837
892,mp-22320,GaRu,204.343
893,mp-20536,CoSn,125.544
894,mp-30062,Cs2PtBr6,10.118
895,mp-510347,In5S5Br,30.845
896,mp-15687,KZnAs,30.741
897,mp-22315,HfCoSn,130.285
898,mp-10374,Cr3PtN,
899,mp-20344,Fe3Ge,175.908
900,mp-22865,CsCl,14.588
901,mp-22987,BiIO,16.924
902,mp-11350,CaAl9Co2,87.08
903,mp-29076,FeWN2,228.877
904,mp-10797,CaSiNi2,78.964
905,mp-669546,AlPd,149.807
906,mp-1139,Co3Mo,283.145
907,mp-672,CdS,53.116
908,mp-505215,Ba(Cu3As)2,66.243
909,mp-22434,HfFeP,216.434
910,mp-29678,AgBiS2,61.742
911,mp-4163,Ca3Ti2O7,129.623
912,mp-1696,CdPd,111.855
913,mp-30769,Li13Sn5,29.762
914,mp-463,KF,29.839
915,mp-12952,HfGaAu,131.425
916,mp-160,B,210.223
917,mp-452,CoAs3,108.351
918,mp-18337,Be3N2,214.318
919,mp-7904,CdP4,55.424
920,mp-5910,CaCuSb,52.044
921,mp-643257,K2H4Pd,14.628
922,mp-31172,Ca5Ag3,30.043
923,mp-10457,HfSiPd,169.282
924,mp-16613,AlAuO2,172.084
925,mp-21215,InPd,110.79
926,mp-11870,Hg2Rh,88.269
927,mp-661,AlN,194.62
928,mp-569331,Li(Sn3Pd)2,61.911
929,mp-815,GaNi3,
930,mp-7426,Ba(ZnP)2,55.357
931,mp-571619,HfAlPt,163.496
932,mp-557993,BiO2,51.48
933,mp-27743,BiF5,13.737
934,mp-9835,CoSb2,99.768
935,mp-541014,Cs3Sb2I9,8.137
936,mp-19097,FeBO3,
937,mp-30485,Ca3Zn,22.439
938,mp-1047,Ca3N2,70.981
939,mp-30820,Li2AlRh,80.792
940,mp-760375,Li3VS4,13.233
941,mp-16719,Al12Tc,96.935
942,mp-31337,InPd3,143.036
943,mp-700,GeSe,19.51
944,mp-2105,Hf3Si2,143.703
945,mp-1487,AlNi,157.34
946,mp-601848,Fe11Co5,193.849
947,mp-570112,Cr3C2,309.637
948,mp-9486,K2AlF5,27.421
949,mp-510346,In5Se5Br,26.65
950,mp-11460,HfTc,188.407
951,mp-23313,InBi,31.715
952,mp-28376,CuAuF5,30.801
953,mp-733,GeO2,37.861
954,mp-571247,Al3Mo,135.713
955,mp-10055,Co2B4Mo,312.139
956,mp-567220,Hf2SbP,122.772
957,mp-4192,Ca3AsN,59.9
958,mp-19241,BaNiO3,
959,mp-12550,AlCuPt2,194.163
960,mp-20897,Ba4Y2Cu6O13,93.404
961,mp-9577,Ca3(AlSi)2,49.839
962,mp-13920,Ba(ZnSn)2,43.515
963,mp-567629,CsPbBr3,
964,mp-676,CaN6,46.695
965,mp-22922,AgCl,40.56
966,mp-999198,BMo,308.669
967,mp-570198,Ba(ZnAs)2,47.429
968,mp-7576,CrSi,183.655
969,mp-12360,AgSbTe2,48.782
970,mp-570784,Hf2Al3C4,196.908
971,mp-1543,Ge2Pt,110.087
972,mp-820,HgSe,42.533
973,mp-7188,Al2Os,190.012
974,mp-24093,CuH,105.717
975,mp-1935,BaMg2,21.701
976,mp-38970,Ga2Te3,21.714
977,mp-20674,Ba2YCu3O7,107.52
978,mp-867840,BeFeRh2,206.038
979,mp-23037,CsPbCl3,21.823
980,mp-333,HfFe2,163.391
981,mp-1550,AlP,82.769
982,mp-2619,FeSb,110.972
983,mp-21385,In3Ni2,105.586
984,mp-1490,AlAu4,127.118
985,mp-886,Ga2O3,155.545
986,mp-10037,AlCo3C,232.832
987,mp-20401,HfCuSi2,139.708
988,mp-569298,Ca(CoAs)2,93.548
989,mp-21340,HfGePt,176.04
990,mp-1399,AlAu,92.438
991,mp-27691,K2PtBr6,12.515
992,mp-505110,FeCuO2,
993,mp-1342,BaO,68.281
994,mp-22717,CaIn2Pd,59.191
995,mp-8446,K2CuP,21.887
996,mp-140,Ga,49.645
997,mp-569364,Be22Re,136.579
998,mp-23219,CuBr2,
999,mp-551918,AlBiO3,126.197
1000,mp-21248,NbSiIr,244.124
1001,mp-7090,NaMgSb,26.982
1002,mp-12480,ScPPt,149.536
1003,mp-9272,TlPt2S3,27.301
1004,mp-31138,MnPd3,146.973
1005,mp-11549,VPd2,192.283
1006,mp-1069,HfSi2,131.995
1007,mp-10125,SbIr,160.755
1008,mp-28945,Si2NiP3,108.208
1009,mp-9251,TlTe3Pt2,23.076
1010,mp-10846,NiAsSe,693083.667
1011,mp-10003,Nb4CoSi,194.139
1012,mp-19247,ScVO4,
1013,mp-31348,Sc2In,
1014,mp-5699,K2CuF4,43.612
1015,mp-19094,VO2,
1016,mp-2410,SrAg5,60.814
1017,mp-313,YC2,113.31
1018,mp-7226,V3Ni,202.988
1019,mp-4901,Y2MgCu2,62.66
1020,mp-1755,ZnAu3,127.051
1021,mp-754741,ZrO2,109.287
1022,mp-30244,Mg2H2O3,62.075
1023,mp-5479,RbAlF4,55.619
1024,mp-30593,ZnCu2Ni,143.323
1025,mp-27932,Li9Ge4,
1026,mp-49,Os,400.41
1027,mp-11883,MgIr2,197.34
1028,mp-850978,VFeO4,
1029,mp-862334,Sc2IrRh,
1030,mp-761563,Mn2FeO3,
1031,mp-10911,Sc2Al3Ru,111.883
1032,mp-10721,Ti2C,121.304
1033,mp-22899,LiI,19.889
1034,mp-625,Mg3Ru2,105.762
1035,mp-756134,ZrSeO,144.42
1036,mp-7955,Li3Sb,28.627
1037,mp-554089,SiO2,19.96
1038,mp-2701,NbN,314.396
1039,mp-10521,Y(AlGe)2,70.326
1040,mp-3158,Li2SbPt,79.179
1041,mp-149,Si,88.916
1042,mp-7436,KCuTe,29.374
1043,mp-18751,Mn2ZnO4,
1044,mp-1851,SnPd2,130.558
1045,mp-864969,Mg2PdRh,106.207
1046,mp-1001833,InBi,35.088
1047,mp-7431,Sr(ZnSb)2,42.07
1048,mp-12903,YAgTe2,39.447
1049,mp-328,Zr2Ni,117.807
1050,mp-530399,LiAl5O8,196.082
1051,mp-19384,Ni(AsO3)2,
1052,mp-2552,TeO3,89.234
1053,mp-127,Na,7.808
1054,mp-10181,LiSiNi2,149.838
1055,mp-1123,HgS,50.248
1056,mp-30247,Mg(HO)2,51.731
1057,mp-10182,LiZnP,63.12
1058,mp-79,Zn,85.872
1059,mp-580287,Zr3Cu,111.07
1060,mp-550908,SrHfO3,154.13
1061,mp-30767,Li7Sn2,27.747
1062,mp-2089,ZrTe3,19.908
1063,mp-362,Ni3S2,126.928
1064,mp-30777,MgPt3,183.899
1065,mp-2932,Y2Si4Mo3,156.022
1066,mp-22493,YInAu2,89.598
1067,mp-18814,MnCO3,
1068,mp-7352,MgCuP,91.308
1069,mp-5288,Y(FeSi)2,147.103
1070,mp-4081,TaCu3Se4,41.99
1071,mp-1401,ZrZn2,103.307
1072,mp-7070,Mn3PtN,179.569
1073,mp-932,ScGa3,73.065
1074,mp-12778,VOs,284.95
1075,mp-23737,KMgH3,34.622
1076,mp-24719,NiH,200.93
1077,mp-7400,NaAlGe,39.291
1078,mp-9574,NaBeSb,34.453
1079,mp-15819,Mn3Al9Si,114.667
1080,mp-11237,ScAg,80.1
1081,mp-30451,SrCuBi,40.538
1082,mp-481,ScPt3,198.156
1083,mp-19326,MnO2,
1084,mp-13240,ScInCu4,114.133
1085,mp-976017,Li3Co,-83.57
1086,mp-864957,MnSbRu2,200.874
1087,mp-1873,ZnF2,94.832
1088,mp-20983,V2InC,
1089,mp-813,ScAl2,
1090,mp-1682,ZrAs,117.987
1091,mp-8697,ScBO3,158.788
1092,mp-555370,V(MoS2)2,88.535
1093,mp-13334,ZnSnO3,164.367
1094,mp-1914,YGa2,73.693
1095,mp-770997,Li2HfO3,
1096,mp-2567,V3Si,192.13
1097,mp-1969,NbSb2,96.221
1098,mp-7038,TlPd2Se3,22.474
1099,mp-753508,LiCuS,38.109
1100,mp-562,Sb2Pt,105.593
1101,mp-989512,LiTl2InCl6,22.841
1102,mp-1124,MgZn2,63.27
1103,mp-20800,ZrIn2,81.529
1104,mp-2674,YPt2,162.277
1105,mp-20033,SnIr,154.138
1106,mp-1606,NbAu2,176.852
1107,mp-2049,ZrMo2,-11092.411
1108,mp-1380,Zn3Ru,135.455
1109,mp-30533,KPt2S3,31.59
1110,mp-30672,Ti3Ga,118.806
1111,mp-30818,Li2AlPt,84.603
1112,mp-560588,ZnS,69.08
1113,mp-27838,Na3Bi,17.175
1114,mp-2760,Nb6C5,235.464
1115,mp-9946,ZnS,69.008
1116,mp-33107,SF4,5.902
1117,mp-10271,ZnCo3C,227.96
1118,mp-2783,Ta2Si,214.601
1119,mp-5590,YMgGa,59.971
1120,mp-3759,MgGeO3,167.305
1121,mp-1395,VRu,230.974
1122,mp-30147,ZrTiAs,137.302
1123,mp-18848,Sr2MgWO6,
1124,mp-818,SiRh,195.549
1125,mp-2385,TaCr2,242.207
1126,mp-2354,Ti3Hg,118.442
1127,mp-9973,VB,268.991
1128,mp-101,Ir,345.128
1129,mp-11293,ZrCdCu2,113.193
1130,mp-11550,Sc2Pt,90.609
1131,mp-8830,NaRhO2,109.969
1132,mp-754478,HfZrO4,204.4
1133,mp-570097,Sr(Li2P)2,42.562
1134,mp-4798,Sc(AlC)3,166.256
1135,mp-569446,NiPb,92.14
1136,mp-2,Pd,166.982
1137,mp-9556,SrZnSi,49.807
1138,mp-7937,NaNbS2,76.388
1139,mp-774411,Li2VO2,
1140,mp-2696,MgAg,63.271
1141,mp-615,YMg,41.771
1142,mp-20849,Pd3Pb,129.07
1143,mp-865665,TiReTc2,271.275
1144,mp-3721,SrHfO3,154.085
1145,mp-10264,NiTe,34.863
1146,mp-23709,Mg(AlH4)2,17.913
1147,mp-19340,LiVO2,
1148,mp-29733,MgNiBi,69.981
1149,mp-1315,MgS,74.305
1150,mp-552588,LiNbO3,144.515
1151,mp-21003,Y2ReC2,122.595
1152,mp-1652,ZnPd,140.545
1153,mp-1138,LiF,69.649
1154,mp-30867,ScRu,148.847
1155,mp-30449,MgCuBi,56.495
1156,mp-8221,ZrAsRu,186.495
1157,mp-30849,TaPt2,243.933
1158,mp-30671,Ti2Ga,120.013
1159,mp-615314,ScCoC2,202.285
1160,mp-570377,Sn3As4,34.489
1161,mp-2578,NiTe2,57.823
1162,mp-647,NbS,178.15
1163,mp-754672,TiO2,
1164,mp-15322,ScCuSi,113.813
1165,mp-505071,Si2Pd9,163.342
1166,mp-21503,YMgIn,54.137
1167,mp-753657,TiOF,188.024
1168,mp-669918,VSnRh2,187.018
1169,mp-11358,TaCo3,242.198
1170,mp-2250,ZrNi2,166.427
1171,mp-1925,ZrS,132.151
1172,mp-505527,Ti5Si4,-24955.829
1173,mp-22284,SrInPt,62.337
1174,mp-21318,PtPb2,74.915
1175,mp-2252,ScB2,191.13
1176,mp-18707,Mg3Pt,69.596
1177,mp-864631,LiNbRh2,175.191
1178,mp-1989,Ta5Si3,215.33
1179,mp-761341,TiVO4,
1180,mp-4002,Li2ZrF6,58.042
1181,mp-636328,TiPd3,179.376
1182,mp-542915,TiAl3,106.208
1183,mp-1867,Ta2Ni,228.033
1184,mp-22662,TiGaPt,163.617
1185,mp-3161,LiAlSi,63.069
1186,mp-11522,Ni3Sn,166.201
1187,mp-20007,MnNiGe,142.033
1188,mp-9951,MnNbGe,182.253
1189,mp-9381,Zr6FeTe2,114.77
1190,mp-84,Sn,47.261
1191,mp-933,YAs,75.352
1192,mp-23956,K2MgH4,23.064
1193,mp-7748,NaAlO2,133.356
1194,mp-274,Nb5Sb4,96.984
1195,mp-1294,YCo2,-3172.172
1196,mp-1595,Nb2O5,135.559
1197,mp-20648,V2C,244.406
1198,mp-10847,NiSbSe,79.428
1199,mp-568419,Mg3Ir,75.799
1200,mp-3886,Zr2AlC,125.112
1201,mp-1174,MgSc,49.321
1202,mp-865840,Ti2TcIr,223.944
1203,mp-10892,MnAlPt,102.361
1204,mp-67,Sc,54.533
1205,mp-7438,KZnSb,24.441
1206,mp-757100,LiCoS2,69.93
1207,mp-15805,Mn3ZnN,
1208,mp-22268,ZrPRu,208.218
1209,mp-22344,Sn7Ru3,106.18
1210,mp-30885,YZn5,78.306
1211,mp-7376,Sr3(AlSn)2,36.254
1212,mp-131,Zr,93.831
1213,mp-553432,TiO2,21.691
1214,mp-7575,LiZnN,112.773
1215,mp-20249,MnCoP,201.268
1216,mp-12557,SrCuAs,57.771
1217,mp-567871,Nb5Si3,185.606
1218,mp-19906,Zr2InNi2,128.163
1219,mp-553961,ScNbO4,166.644
1220,mp-485,ZrNi3,173.5
1221,mp-8456,SrAsPt,72.367
1222,mp-458,Ti2O3,214.394
1223,mp-569662,V2NiSe4,19.078
1224,mp-555934,VF2,
1225,mp-1557,Mg3Au,57.636
1226,mp-592,TiRu,215.387
1227,mp-5193,SrZrS3,69.284
1228,mp-10895,Mn2AlV,185.386
1229,mp-567705,TiAl2,109.691
1230,mp-31455,VSbRu,161.485
1231,mp-5676,MnSbPt,110.879
1232,mp-570673,ScNi5,159.381
1233,mp-934,LiTl,26.903
1234,mp-21008,Ni3Ge,190.994
1235,mp-11750,Ti6Si2B,149.647
1236,mp-17481,Mg4Ta2O9,148.83
1237,mp-2895,Mg2SiO4,119.124
1238,mp-616559,Ti2S,147.515
1239,mp-755318,ScHO2,155.028
1240,mp-24286,ZrH2,131.134
1241,mp-758594,Li(Fe3P2)2,175.385
1242,mp-30883,V4Zn5,125.541
1243,mp-11573,TiTc,204.076
1244,mp-20268,TiGePd,150.678
1245,mp-1521,Sb7Mo3,107.671
1246,mp-8578,Sc3InC,
1247,mp-12108,VPt2,246.671
1248,mp-1331,YCd2,55.449
1249,mp-4368,SbPdSe,83.274
1250,mp-10455,YTiGe,82.596
1251,mp-23193,KCl,16.489
1252,mp-795,LiSi,52.319
1253,mp-22003,NaN3,25.56
1254,mp-6812,KBaPO4,55.459
1255,mp-752463,NbNO,177.394
1256,mp-574,Ta2Co,213.632
1257,mp-19713,Sc3In,
1258,mp-755378,NaPdO2,86.526
1259,mp-675,ZrW2,213.964
1260,mp-571,TiNi,154.95
1261,mp-23054,NaBiO3,57.489
1262,mp-1008632,V2C,218.716
1263,mp-10601,Y3GaC,78.798
1264,mp-7603,Li2TiF6,52.093
1265,mp-3771,MgTiO3,161.087
1266,mp-14793,Mg2SiPt,98.07
1267,mp-569815,Si2Ru,183.66
1268,mp-29898,Tl2Au4S3,18.684
1269,mp-850251,Na2Ti9O19,125.464
1270,mp-3938,ZrSiS,126.096
1271,mp-30591,Li2CuSn,52.666
1272,mp-3676,MgCu4Sn,97.854
1273,mp-20987,YZnSn,63.26
1274,mp-31502,ScCd7,53.455
1275,mp-30354,ScAg4,89.295
1276,mp-7604,Mg3NF3,108.207
1277,mp-20083,ScCuSi,110.432
1278,mp-1221,V3Ge,184.157
1279,mp-17659,Mg23Al30,
1280,mp-952,MoPt2,271.801
1281,mp-2572,SrMg2,25.64
1282,mp-4612,TiCo2Ge,188.455
1283,mp-20695,Zr3In,96.578
1284,mp-893,ZrSi,141.728
1285,mp-19019,NiMoO4,
1286,mp-19983,TiCuSn,103.401
1287,mp-510219,Sn2Ru,117.026
1288,mp-648,Na2S,28.189
1289,mp-30404,Li2SbAu,54.242
1290,mp-19082,TiMnO3,
1291,mp-19308,Li2NiO2,
1292,mp-568636,TiCr2,198.395
1293,mp-30835,TaPd2,205.117
1294,mp-4978,Ti2AlN,156.701
1295,mp-2723,IrO2,269.435
1296,mp-7939,NaNbSe2,61.06
1297,mp-11411,ScGa,76.65
1298,mp-7088,Ta2C,260.465
1299,mp-569511,NiTePd,120.245
1300,mp-2352,Na2O,45.868
1301,mp-559676,SnS,28.192
1302,mp-20112,Ni3Sn,161.837
1303,mp-8126,YCuSi,93.076
1304,mp-27888,Zr3GeO8,198.421
1305,mp-760376,KTiO3,52.449
1306,mp-30656,TiGaNi,127.561
1307,mp-753890,Ni2H,201.621
1308,mp-930,ZrP,135.366
1309,mp-568671,V5Si3,193.107
1310,mp-30477,LiCaSn,
1311,mp-23,Ni,173.808
1312,mp-1822,TiAs,118.615
1313,mp-1769,SbPd,104.823
1314,mp-13946,Rb2ZrF6,19.966
1315,mp-20557,YSiNi,104.111
1316,mp-972220,TiPt3,233.898
1317,mp-784630,Ni2Mo,240.432
1318,mp-9970,ScGe,89.435
1319,mp-1868,VS,146.997
1320,mp-16304,YPPt,126.409
1321,mp-1780,ScRh,138.583
1322,mp-3522,MgCuSb,66.779
1323,mp-372,VPt3,237.489
1324,mp-7002,NaTiO2,104.141
1325,mp-9223,ScGeRu,147.039
1326,mp-672645,TiSiRh,187.886
1327,mp-10635,SnSb,51.179
1328,mp-27747,PdI2,
1329,mp-20327,TiP2,131.512
1330,mp-30208,YCuP2,113.331
1331,mp-3323,SrZrO3,152.318
1332,mp-862336,Sc2IrPd,
1333,mp-4628,ZrSiSe,34.808
1334,mp-2767,TiGa,116.187
1335,mp-15642,SrMgSi,43.089
1336,mp-753605,LiCuS,26.248
1337,mp-27335,NaAlSi,40.723
1338,mp-30536,V5Sb4,90.199
1339,mp-30726,YHg3,59.331
1340,mp-3896,Y(SiIr)2,179.899
1341,mp-8800,TlCu3Se2,36.601
1342,mp-21297,LiSn4Ru,68.495
1343,mp-999133,TaPd,201.83
1344,mp-20971,SnPt3,198.87
1345,mp-12265,SrCuF4,-12534.564
1346,mp-11228,YAl,53.421
1347,mp-559092,ScF3,
1348,mp-9244,LiBC,153.134
1349,mp-11233,ZrAl,108.913
1350,mp-2369,SnPd,97.577
1351,mp-9027,TiS2,46.408
1352,mp-11445,Y(TiGa2)2,94.316
1353,mp-22909,ZnCl2,6.868
1354,mp-11322,ZrSi,142.355
1355,mp-2604,MgTe2,37.266
1356,mp-5186,ScNiSn,93.391
1357,mp-1042,HfSi,151.342
1358,mp-30727,MgCdAg2,69.74
1359,mp-11190,VSi2,174.655
1360,mp-11453,HfPd3,178.957
1361,mp-30852,TiPt8,240.535
1362,mp-3595,ZnSiAs2,66.291
1363,mp-1483,SiRh,221.514
1364,mp-571458,RbGeI3,18.094
1365,mp-8188,KScO2,95.827
1366,mp-22444,Ta4FeP,214.356
1367,mp-755071,SnO2,139.796
1368,mp-4720,Si2Ni6B,211.027
1369,mp-753848,Li(CuO)3,89.756
1370,mp-22682,In2Pt,91.458
1371,mp-31011,Y2Si2Rh,106.197
1372,mp-7790,Ti2N,179.192
1373,mp-1994,HfB2,252.303
1374,mp-9573,NaBeAs,44.531
1375,mp-9437,NbFeSb,164.016
1376,mp-644481,ScO,184.583
1377,mp-19376,TiMnO3,
1378,mp-556125,Na2BHO3,47.14
1379,mp-2053,Nb3Sb,173.865
1380,mp-8062,SiC,212.682
1381,mp-570557,NbCo3,199.865
1382,mp-31301,LiSn4Au3,62.451
1383,mp-769365,ZnSeO4,71.196
1384,mp-865014,Mg2Cu,
1385,mp-568,TiSb2,89.181
1386,mp-977382,Ta2VRu,227.823
1387,mp-30840,Ti2Pd3,154.553
1388,mp-31452,ZrNiBi,99.372
1389,mp-20146,Zr2Ni2Sn,134.49
1390,mp-3731,LiNbO3,103.121
1391,mp-12678,TaMn2,623.035
1392,mp-569788,LiZnGe,52.042
1393,mp-680677,Sn3Ru2,125.829
1394,mp-2580,NbB,263.884
1395,mp-18972,Sr2VO4,
1396,mp-11738,Na3PS3O,25.786
1397,mp-19284,NiAgO2,
1398,mp-1565,ZrO2,235.389
1399,mp-11547,YTlPd,81.983
1400,mp-936,Hg4Pt,60.904
1401,mp-978279,Mg3Cu,
1402,mp-568914,K2WCl6,12.36
1403,mp-11718,RbF,25.133
1404,mp-20335,MnNbP,227.683
1405,mp-13853,P3Ir,170.079
1406,mp-894,ZnPt,174.196
1407,mp-2762,YIr2,196.294
1408,mp-2343,Mg2Sn,40.919
1409,mp-9958,Ti2GeC,154.628
1410,mp-28319,PtI2,
1411,mp-16481,TiAlAu,130.385
1412,mp-771,MnAl,122.529
1413,mp-17177,Nb2ZnO6,143.453
1414,mp-697111,H2O,15.606
1415,mp-12071,Ti3As,126.897
1416,mp-22027,MnSnAu,79.189
1417,mp-1046,NbSn2,96.844
1418,mp-21124,SrIn4Pt,52.456
1419,mp-23202,InI,13.331
1420,mp-4079,Sc3AlC,100.358
1421,mp-2930,Mn3ZnC,192.524
1422,mp-5962,NaMgAs,33.163
1423,mp-846,Hf2Al3,114.235
1424,mp-203,NiTe,114.446
1425,mp-13202,YCuSn,77.995
1426,mp-2128,Sn4Pd,56.496
1427,mp-555280,ZnS,69.547
1428,mp-8630,SbIrS,140.919
1429,mp-10180,Li2SbPd,68.437
1430,mp-971669,FeSb3,100.502
1431,mp-11364,TiCu,129.327
1432,mp-867351,Tc,299.67
1433,mp-580886,ZrIN,22.311
1434,mp-8426,K2Se,15.851
1435,mp-5967,TiCoSb,141.018
1436,mp-998147,TlCuCl3,39.029
1437,mp-8053,YCo,73.704
1438,mp-569568,Ta3AlC2,225.648
1439,mp-776532,HfO2,211.548
1440,mp-8624,K2Sn2O3,23.501
1441,mp-11507,Ni4Mo,209.68
1442,mp-24289,HPd,174.968
1443,mp-557686,ZrVF6,
1444,mp-7192,Sc2Sb,72.039
1445,mp-21359,SbRh2,
1446,mp-29748,TePdI,24.702
1447,mp-29362,GaCuCl4,10.789
1448,mp-590,NiAs,117.218
1449,mp-10445,Sc6FeTe2,62.054
1450,mp-4252,SnPS3,16.223
1451,mp-16043,Mg(As2Rh3)2,172.795
1452,mp-856,SnO2,171.933
1453,mp-712,YCu,70.25
1454,mp-11501,MnNi3,
1455,mp-7068,Sr3(AlSi)2,43.146
1456,mp-1638,SrAl2,47.886
1457,mp-22179,YTiSi,92.176
1458,mp-865527,YAl3,70.402
1459,mp-2583,TiRh,187.501
1460,mp-12951,ZrGaAu,124.475
1461,mp-5221,HfAlCo2,172.038
1462,mp-754516,LiNiP,59.926
1463,mp-866132,Na2TlSb,24.55
1464,mp-2123,Nb3Au2,174.046
1465,mp-14099,ZnAgF3,81.455
1466,mp-697096,Na2H4Pt,22.706
1467,mp-910,NbC,296.238
1468,mp-585,MnB2,253.476
1469,mp-999027,Ti3Al,107.662
1470,mp-556605,ZrO2,194.099
1471,mp-12648,Ti2Be17,126.701
1472,mp-21167,Ni2P,191.012
1473,mp-30572,Hf2Ga,119.01
1474,mp-7433,NaCuSe,47.267
1475,mp-20832,Zn(InTe2)2,23.091
1476,mp-7421,KZnAs,30.9
1477,mp-568346,HfBrN,25.147
1478,mp-1431,MnSi,203.381
1479,mp-1169,ScCu,86.854
1480,mp-2588,YCo3,
1481,mp-865520,YCdPd2,97.382
1482,mp-30858,ZrPt3,221.479
1483,mp-2752,Nb3Au,184.705
1484,mp-861979,Ir2S3,165.426
1485,mp-981,SrF2,65.882
1486,mp-13203,ScCuSn,89.047
1487,mp-7032,HfMoP,206.978
1488,mp-13097,NaZnAs,36.358
1489,mp-27471,NbPS,139.088
1490,mp-21276,PbS,
1491,mp-15965,Hf5Si3,140.749
1492,mp-662,NiSe,118.982
1493,mp-4076,VCoSb,141.89
1494,mp-643367,YCBr,9.772
1495,mp-950995,Li6PS5I,26.78
1496,mp-6919,ScSnAu,81.571
1497,mp-567907,P3N5,148.829
1498,mp-20622,SiPd3,160.007
1499,mp-2562,MnS,60.391
1500,mp-29157,Si3P2Pt,122.687
1501,mp-4822,Y(SiPd)2,130.582
1502,mp-676586,Na(VS2)2,43.286
1503,mp-597,TiNi,151.359
1504,mp-864951,MnAlOs2,
1505,mp-37906,LiMgN,98.683
1506,mp-5077,NaLi2Sb,29.136
1507,mp-568718,HfAl3,106.136
1508,mp-30746,YIr,130.242
1509,mp-20255,TiCuSi,147.728
1510,mp-570430,TaCo2,255.669
1511,mp-249,HfAl,117.671
1512,mp-1373,Nb3Ge,171.519
1513,mp-754358,ZnSeO4,63.922
1514,mp-12520,SrNi2Ge,69.921
1515,mp-10266,ZnFe3C,
1516,mp-11541,ZrOs,208.008
1517,mp-2348,Zr2Au,119.202
1518,mp-850,ScNi2,142.02
1519,mp-8864,Li(Co3P2)2,202.474
1520,mp-22167,Zr6Ga2Co,109.449
1521,mp-569249,Ta3Au,200.678
1522,mp-4678,Zr2AlN,142.503
1523,mp-216,Sc2O3,167.269
1524,mp-292,V3As,195.129
1525,mp-866165,YMgRh2,109.638
1526,mp-754322,Sr2CuO4,104.977
1527,mp-3871,Ti2SnC,134.1
1528,mp-25372,LiCuO2,118.564
1529,mp-10469,NbSiPt,215.103
1530,mp-4893,Hf2SnC,137.648
1531,mp-13572,ScSiPt2,173.75
1532,mp-15659,Sb2Pt3,135.898
1533,mp-9778,K2AgP,22.143
1534,mp-1866,KO2,24.246
1535,mp-8996,Sc3RuC4,182.544
1536,mp-1299,SiPt2,206.108
1537,mp-2399,YHg,65.407
1538,mp-571193,MnP4,137.018
1539,mp-381,SiRu,257.369
1540,mp-1986,ZnO,129.269
1541,mp-796,Nb3Al,159.438
1542,mp-30725,YHg2,62.527
1543,mp-753708,TiOF,135.307
1544,mp-1412,Ti3Sb,119.611
1545,mp-3574,MnAlCu2,125.381
1546,mp-2918,YCuO2,115.21
1547,mp-11737,Li4SiO4,78.989
1548,mp-23002,TiBrO,25.612
1549,mp-11977,LiSnAu,58.955
1550,mp-730,P2Pt,175.121
1551,mp-7938,KNbS2,69.488
1552,mp-1086,TaC,323.894
1553,mp-2083,Sn2Ir,110.242
1554,mp-9954,HfAs,127.118
1555,mp-1339,NbIr3,313.146
1556,mp-21336,TaFeP,254.448
1557,mp-7589,Mg2NF,104.566
1558,mp-193,Zr2Cu,105.707
1559,mp-775935,ZrO2,127.742
1560,mp-38818,HfNbB4,268.54
1561,mp-22792,MnTePd,83.667
1562,mp-10470,NbSiRh,221.086
1563,mp-9716,TiBO3,178.989
1564,mp-12961,YAlPd,93.559
1565,mp-501,TaSe2,24.691
1566,mp-3378,SrHfO3,155.349
1567,mp-865604,Li5Mg,17.412
1568,mp-753490,TiCuGe,127.282
1569,mp-754628,WN2,
1570,mp-9939,Hf2Ge,133.014
1571,mp-12564,LiSbAu,53.85
1572,mp-4938,ScCo3B2,244.868
1573,mp-567462,Sc3RhC4,177.972
1574,mp-30603,ZrCu5,136.626
1575,mp-12759,Zn2CuAu,112.113
1576,mp-30719,Mg2Hg,44.345
1577,mp-1017,Zr3O,132.953
1578,mp-11521,ScNi,106.024
1579,mp-19814,NiAs2,102.3
1580,mp-2286,Li2Se,33.677
1581,mp-862679,TaZn2,151.886
1582,mp-20935,ZrSnIr,160.406
1583,mp-3034,MgAl2Cu,76.205
1584,mp-486,NiP2,113.025
1585,mp-731,Mg3Hg,42.628
1586,mp-3698,SrAlSi,52.321
1587,mp-28110,Rb2PtI6,8.577
1588,mp-761293,ZrCoO3,
1589,mp-2676,TaBe2,167.518
1590,mp-5918,Hf2NiP,180.029
1591,mp-22508,YMn12,138.221
1592,mp-1695,Y2C3,119.54
1593,mp-976280,LiBr,19.461
1594,mp-4247,NaZnSb,31.291
1595,mp-30850,TaPt3,259.644
1596,mp-11490,Li2ZnSn,37.548
1597,mp-7000,SiO2,29.797
1598,mp-2349,YCd3,55.533
1599,mp-19765,In2HgTe4,20.25
1600,mp-975292,RbMoO3,
1601,mp-569779,ScSbPd,99.2
1602,mp-1129,ScIr,166.725
1603,mp-1869,GaPd2,150.478
1604,mp-29152,Zr2CoP,158.429
1605,mp-774736,LiCuS,
1606,mp-5025,Zr2CS,165.501
1607,mp-2795,ZrC,219.051
1608,mp-11456,HfPt3,230.018
1609,mp-31081,Sc(MnAl2)4,153.967
1610,mp-7829,MnNbSi,198.194
1611,mp-31379,Zr2Sb,106.569
1612,mp-3349,Sr3Ti2O7,139.441
1613,mp-5659,Ti3SiC2,183.669
1614,mp-11873,TlAsPd5,136.553
1615,mp-4997,ZrGeS,118.661
1616,mp-3854,Y(MnSi)2,125.819
1617,mp-32662,WO3,
1618,mp-12972,Zr6Sb2Pt,118.611
1619,mp-569265,Mg3Pt,69.824
1620,mp-24409,PH4I,
1621,mp-21017,Y3PbC,77.789
1622,mp-980200,Zn3Rh,125.139
1623,mp-2643,Ti3Cu4,132.608
1624,mp-21023,Ti3SnC2,157.86
1625,mp-11984,YMgTl,53.855
1626,mp-569522,MnP4,137.141
1627,mp-16828,Li3B7O12,64.468
1628,mp-754213,Li2ZrCuO4,114.265
1629,mp-19746,NbPbS2,
1630,mp-20661,Ti2PbC,
1631,mp-3803,Ta4AlC3,236.717
1632,mp-8256,ZnPtF6,33.853
1633,mp-753257,LiCuF4,27.725
1634,mp-22489,HfCuSi,153.001
1635,mp-5019,YCo3B2,203.252
1636,mp-1357,P3Rh,149.168
1637,mp-643260,Na2H4Pd,20.548
1638,mp-95,Sr,12.611
1639,mp-568186,YRu2,167.183
1640,mp-5878,KZnF3,71.15
1641,mp-492,TiN,278.511
1642,mp-559798,NiF2,
1643,mp-2403,YPt3,169.488
1644,mp-769096,MnP4,117.205
1645,mp-10924,Mg(Co3P2)2,203.708
1646,mp-9969,ScSi,101.131
1647,mp-7863,Rb2Sn2O3,
1648,mp-1002206,SiC,252.718
1649,mp-22967,Li2FeBr4,25.291
1650,mp-2781,ScPd,110.671
1651,mp-7565,SbRu,145.517
1652,mp-13082,Mn2CoSi,220.339
1653,mp-3441,Y(SiRh)2,151.48
1654,mp-543001,Zr5Sn4,104.158
1655,mp-9061,KPdF3,68.848
1656,mp-21328,HfSn,101.827
1657,mp-1594,Ni2Ge,173.653
1658,mp-11470,Hg2Pt,82.793
1659,mp-11038,Zr6Al2Fe,101.192
1660,mp-7914,NaScO2,100.745
1661,mp-22862,NaCl,23.77
1662,mp-5693,NaCrS2,60.393
1663,mp-30764,LiPt2,135.254
1664,mp-935811,KNbO3,172.61
1665,mp-7940,KNbSe2,56.925
1666,mp-265,TaIr3,323.564
1667,mp-16740,TiGePd,149.123
1668,mp-949028,Sn,
1669,mp-13903,ZnSnF6,21.356
1670,mp-18835,VPO4,
1671,mp-4253,V(CrC)2,292.334
1672,mp-2557,Zr2Al,103.887
1673,mp-20619,SbRh,133.533
1674,mp-1646,Li3Hg,25.438
1675,mp-21371,VCoSi,216.773
1676,mp-865986,Li2CaGe,37.315
1677,mp-16236,KAgSe,27.612
1678,mp-10240,ScNiP,147.371
1679,mp-1601,TaRu,253.312
1680,mp-16491,SrAl9Co2,65.439
1681,mp-22318,SrAl2,44.927
1682,mp-9550,ScMnSi,117.52
1683,mp-1458,Nb3Ir,218.977
1684,mp-1439,TiO2,203.794
1685,mp-978268,MgZn,50.041
1686,mp-776911,MgO,115.543
1687,mp-568560,TlBr,16.051
1688,mp-569671,ZrSb,104.291
1689,mp-11230,Y2Al,54.836
1690,mp-22036,ZrSbPd,129.477
1691,mp-567395,Li15Au4,28.91
1692,mp-1153,Li2S,40.49
1693,mp-11261,YAu,83.993
1694,mp-30722,ScHg3,63.522
1695,mp-20566,MgIn3,37.336
1696,mp-2133,ZnO,128.167
1697,mp-695,TiCo2,-469791598815.59
1698,mp-20436,TaSiRh,234.349
1699,mp-999545,Mn3Fe,125.464
1700,mp-2730,HgTe,34.16
1701,mp-2221,Zr2Ag,97.936
1702,mp-864954,MgMoN2,246.262
1703,mp-13983,ZnPdF6,40.303
1704,mp-31469,Hf5CuSn3,118.269
1705,mp-5723,ZrAlNi,130.593
1706,mp-22992,TiClO,22.827
1707,mp-20337,ZrPbO3,118.685
1708,mp-31510,NbCuTe2,65.953
1709,mp-570196,Zr5Sb4,106.781
1710,mp-568106,Mg41Al67,
1711,mp-30357,Sr3Ag2,21.352
1712,mp-696,SiPt,173.672
1713,mp-11313,ZrCd3,78.411
1714,mp-173,MnAl6,110.784
1715,mp-2039,ScMn2,173.191
1716,mp-11175,LiZnPS4,31.32
1717,mp-10015,SiOs,290.957
1718,mp-29154,Hf2CoP,171.95
1719,mp-8939,Si2W,220.371
1720,mp-2582,TiSi2,142.135
1721,mp-976334,Li3Tc,34.091
1722,mp-561317,Rb2NiF4,
1723,mp-4823,Na2PdC2,47.04
1724,mp-839,V3Au,186.748
1725,mp-753,ZnSb,47.732
1726,mp-540231,Li2FeP2O7,
1727,mp-864921,MgZrIr2,178.265
1728,mp-2670,Nb3Ga,166.129
1729,mp-10025,SiRu2,256.319
1730,mp-10755,TiFeSb,119.461
1731,mp-12990,Ti2AlC,137.103
1732,mp-2698,YCu2,84.831
1733,mp-104,Sb,32.445
1734,mp-1201,Sb2Te3,19.094
1735,mp-571636,InCl,
1736,mp-6606,SrYSi4N7,170.189
1737,mp-915,YCd,56.99
1738,mp-246,TiF3,102.198
1739,mp-571594,K3AgSn3Se8,14.728
1740,mp-22916,NaBr,19.491
1741,mp-30798,NbZn2,140.627
1742,mp-8409,KYO2,78.584
1743,mp-11441,Hf2Ga3,116.63
1744,mp-864955,Mn2CrCo,153.099
1745,mp-487,MnP4,137.01
1746,mp-10155,P2Ir,193.222
1747,mp-229,ZrRh3,209.808
1748,mp-1349,SrPt2,117.262
1749,mp-20483,Pb,39.516
1750,mp-19895,NiSb2,75.371
1751,mp-2454,TiFe2,163.482
1752,mp-2151,Mg17Al12,49.768
1753,mp-23251,KBr,13.432
1754,mp-20296,In2Co,
1755,mp-554278,TiO2,180.571
1756,mp-12962,Zr6FeSb2,111.254
1757,mp-865531,TiMn2Al,159.093
1758,mp-631,TiC,251.478
1759,mp-867137,ScVRu2,194.203
1760,mp-569196,YNi3,134.026
1761,mp-19359,NaFeO2,
1762,mp-570935,LiI,14.86
1763,mp-567313,Te,19.198
1764,mp-571270,NbSe2,27.022
1765,mp-554405,ZnS,68.961
1766,mp-11412,ScGa2,79.908
1767,mp-22287,NbGeIr,223.174
1768,mp-30562,Sc2Co,
1769,mp-11754,Sc6Te2Os,72.034
1770,mp-5407,TiAlCo2,179.963
1771,mp-18427,Nb2Al,159.974
1772,mp-10873,ScAlAu2,114.629
1773,mp-754238,Li2CuBiO4,90.724
1774,mp-12716,LiTlPd2,94.163
1775,mp-22522,ZrCuSi,145.249
1776,mp-755264,TiO,234.957
1777,mp-569018,Mg3Bi2,36.731
1778,mp-505803,MnFeAs,114.365
1779,mp-16356,TiNiGe,158.126
1780,mp-253,ScCo2,-1116.369
1781,mp-1919,ZrCr2,85370469.656
1782,mp-764648,LiTiO2,140.834
1783,mp-1425,TiCr2,198.812
1784,mp-417,MnRh,183.708
1785,mp-12742,MgPd3,129.074
1786,mp-22144,Ta2InC,175.354
1787,mp-191,YRh,106.896
1788,mp-1589,TiCr2,199.407
1789,mp-2553,HfBe2,127.5
1790,mp-1515,ZrSi2,126.046
1791,mp-13171,YMgCu,60.094
1792,mp-28980,K3BiSe3,12.443
1793,mp-1001011,TaO3,
1794,mp-31454,TaSbRu,176.103
1795,mp-22903,RbI,
1796,mp-637614,Zn3(InS3)2,53.459
1797,mp-19943,YCuSb2,74.523
1798,mp-165,Si,88.815
1799,mp-1180,MnPt3,
1800,mp-10161,KZnSb,24.144
1801,mp-9459,Y4C5,100.83
1802,mp-11022,ScAgO2,122.643
1803,mp-1239,Sb3Ir,98.2
1804,mp-11334,W,298.22
1805,mp-8276,Sr(ZnP)2,63.496
1806,mp-977580,MgSc2Al,64.52
1807,mp-20061,GePt2,176.427
1808,mp-972916,MgCu,
1809,mp-22637,HfNbP,179.549
1810,mp-3701,Sc(Al2Fe)4,128.938
1811,mp-21851,MnSiIr,163.928
1812,mp-8352,SiO2,146.005
1813,mp-13947,Rb2HfF6,21.791
1814,mp-755309,Li3NbS4,11.108
1815,mp-31297,ScInPt,
1816,mp-11489,Li3Pd,36.429
1817,mp-5456,Sr2CuO3,96.649
1818,mp-1949,TiMn2,181.973
1819,mp-1224,HgO,22.392
1820,mp-546011,YZnAsO,74.762
1821,mp-995122,NbS2,11.912
1822,mp-18732,TiNiO3,
1823,mp-9583,K2ZnF4,45.168
1824,mp-3448,KMgF3,74.789
1825,mp-557938,HfVF6,
1826,mp-4630,Li2RuO3,109.493
1827,mp-3762,VCu3S4,43.389
1828,mp-1400,HfW2,222.256
1829,mp-8285,ZnGeO3,163.128
1830,mp-31326,Mg2In,6.144
1831,mp-1364,YNi,76.598
1832,mp-28266,P2Pd,110.324
1833,mp-600428,Mn3Sn2,
1834,mp-2574,ZrO2,167.345
1835,mp-841,Li2O2,72.65
1836,mp-2845,SbPt,121.63
1837,mp-1215,Ti2O,183.19
1838,mp-571499,TaIr,273.081
1839,mp-30744,IrW,333.76
1840,mp-4824,NaZnP,42.42
1841,mp-2910,KAlF4,47.118
1842,mp-7823,V2NiSe4,92.708
1843,mp-9989,Nb2AsC,204.049
1844,mp-22050,Hf2In5,73.035
1845,mp-23513,K2PtCl6,12.754
1846,mp-2136,Sb2O3,
1847,mp-622497,V3O5,
1848,mp-3582,Mg(BC)2,157.751
1849,mp-570213,LiMgBi,31.336
1850,mp-865152,MgAlPd2,124.171
1851,mp-715,ZrIr2,245.659
1852,mp-755089,ZrO2,154.271
1853,mp-773864,TiSnO4,163.816
1854,mp-571033,NiSe,11.162
1855,mp-801,Mo3Os,290.754
1856,mp-825,RuO2,252.231
1857,mp-971,K2O,27.218
1858,mp-1627,Mo2S3,98.313
1859,mp-22619,NiP2,132.249
1860,mp-27138,K2PdBr4,10.178
1861,mp-12693,Mg2Rh,63.8
1862,mp-10694,ScF3,90.536
1863,mp-4651,SrTiO3,168.22
1864,mp-676512,Na3AlF6,47.494
1865,mp-1786,Ti3Au,137.742
1866,mp-3271,Ti3AlC,153.159
1867,mp-639910,Y(Sn3Ru2)2,117.643
1868,mp-12697,Sc(MnSn)6,
1869,mp-30876,Zr3Sn,103.006
1870,mp-5541,ZrVSi,156.335
1871,mp-2797,YCu5,108.45
1872,mp-7753,MgPd3,128.765
1873,mp-5920,LiAlGe,55.853
1874,mp-1359,NbIr,258.818
1875,mp-12521,SrNi3Ge2,92.315
1876,mp-22060,Nb3In,
1877,mp-91,W,302.264
1878,mp-768305,Sr2HfO4,122.77
1879,mp-13363,SiPt3,203.951
1880,mp-753098,LiCuF2,57.622
1881,mp-600124,MnNiSb,101.928
1882,mp-15986,Hf(CuP)2,128.834
1883,mp-1111,Mn5Si3,313.656
1884,mp-9972,YSi,89.203
1885,mp-20725,PbO2,114.693
1886,mp-2210,ZrCu,105.385
1887,mp-10059,ZrCo3B2,244.042
1888,mp-30555,TaGaCo2,195.874
1889,mp-12798,Ni3Pt,202.169
1890,mp-30227,Rb2WCl6,11.06
1891,mp-1332,Si3Mo5,240.773
1892,mp-24154,NbH2,179.449
1893,mp-979,ZrSb2,81.547
1894,mp-20952,TiNiSb,126.65
1895,mp-389,SiPd,151.127
1896,mp-29661,Si5Pt6,180.761
1897,mp-22191,HfFeGe,-1304.177
1898,mp-2337,HfCo2,183.341
1899,mp-30410,Mn2Au5,127.572
1900,mp-1008785,RuO2,284.209
1901,mp-9812,ZnCO3,113.947
1902,mp-22447,Zr3P,125.1
1903,mp-504908,In2TeO6,141.455
1904,mp-20133,NbCrN,283.872
1905,mp-20354,MgMnGe,77.255
1906,mp-1934,LiZn,41.652
1907,mp-16290,ZnNi3C,194.302
1908,mp-7770,Sr(ZnAs)2,53.997
1909,mp-10026,ScTe,62.614
1910,mp-22646,InPd2,129.519
1911,mp-23714,SrH2,37.591
1912,mp-1683,ZrSe3,15.158
1913,mp-1783,MnS,51.147
1914,mp-2126,HfIr3,278.691
1915,mp-10918,Rb2PdC2,30.432
1916,mp-1670,MnPt,166.177
1917,mp-2955,NaMgF3,69.146
1918,mp-715553,VO2,
1919,mp-11025,ZnP2,68.444
1920,mp-3657,TiCo2Si,206.714
1921,mp-8462,Hf3Al2,116.6
1922,mp-754629,WN2,
1923,mp-5318,MnCoSb,116.415
1924,mp-567996,Nb5Si3,192.916
1925,mp-1841,SiIr3,298.389
1926,mp-2775,SrAl4,54.006
1927,mp-20930,InCuO2,121.57
1928,mp-315,PbF2,67.722
1929,mp-76,Sr,10.978
1930,mp-568792,Si5Rh4,181.55
1931,mp-892,ScPt,137.028
1932,mp-1067,LiAl,48.228
1933,mp-510412,Si3Ru4,230.632
1934,mp-22258,HfSiMo,188.59
1935,mp-1451,NbNi3,205.078
1936,mp-5652,Y2Si2O7,140.631
1937,mp-7343,Y3Pt,55.615
1938,mp-10172,Na,7.777
1939,mp-2361,Hf5Al3,111.876
1940,mp-11283,ZrBe5,126.39
1941,mp-1265,MgO,151.45
1942,mp-2672,K2O2,32.413
1943,mp-10133,Sc3BPb,79.042
1944,mp-1552,Mo2C,295.211
1945,mp-978273,Mg3Cd,37.897
1946,mp-31212,K2MgF4,45.872
1947,mp-20724,Mg2Pb,34.401
1948,mp-517,TaSi2,184.701
1949,mp-9615,LiTiS2,65.258
1950,mp-258,ZrV2,138.858
1951,mp-21035,Sc3PbC,94.605
1952,mp-638,SrZn5,52.276
1953,mp-437,MgAu,81.405
1954,mp-10712,ScRh3C,213.993
1955,mp-22636,TaNiGe,196.746
1956,mp-23560,Ge3(BiO3)4,50.715
1957,mp-20418,SiRh2,220.895
1958,mp-11361,MgCuSn,78.29
1959,mp-11023,ScAuO2,134.634
1960,mp-1020,TaRh3,260.037
1961,mp-7017,NaNbN2,129.459
1962,mp-19443,WO3,
1963,mp-2612,GeTe,48.853
1964,mp-16497,ScAlCu2,106.697
1965,mp-12725,NbAgO3,187.023
1966,mp-30490,Mg3Cd,39.972
1967,mp-7089,KMgSb,23.427
1968,mp-1089,TiIr3,294.735
1969,mp-11567,ScZn12,81.144
1970,mp-13686,Nb5Si3,18615.339
1971,mp-3618,Sc2FeSi2,110.477
1972,mp-22033,Ti5Sb3,108.776
1973,mp-510441,YInPt2,121.073
1974,mp-568328,FeP4,144.455
1975,mp-5149,NbAlCo2,195.157
1976,mp-571555,InCl,12.514
1977,mp-22795,Pb2Au,
1978,mp-20466,Sn7Ir5,135.271
1979,mp-20565,MnCoGe,149.075
1980,mp-18198,ScSnPt,116.177
1981,mp-21447,Nb4CoP,183.709
1982,mp-20757,MnAlGe,111.84
1983,mp-567749,Y(SiOs)2,169.339
1984,mp-8145,RbScO2,
1985,mp-2478,NbSi2,175.204
1986,mp-865842,Ti2OsRu,231.602
1987,mp-22980,Li2CoCl4,8.956
1988,mp-12565,MnAu4,130.268
1989,mp-20305,InAs,48.543
1990,mp-157,P,20.688
1991,mp-126,Pt,248.014
1992,mp-10527,Y2AlSi2,84.925
1993,mp-569250,VIr,272.357
1994,mp-739,TiP,139.085
1995,mp-30156,LiMgN,96.016
1996,mp-1476,ScS,99.417
1997,mp-866169,KTl2Bi,22.656
1998,mp-2828,HfN,270.382
1999,mp-20949,MnSiNi,162.799
2000,mp-4876,Tl3SbSe3,14.239
2001,mp-30245,Mg3H4O5,54.791
2002,mp-1334,Y2C,59.24
2003,mp-3094,SrAl2O4,83.129
2004,mp-23259,LiBr,25.963
2005,mp-2560,Ti3Hg,115.477
2006,mp-755690,NbO2,181.643
2007,mp-862260,ScZn3,79.006
2008,mp-1011860,Na2CoP2O7,
2009,mp-765508,V3(O2F)2,
2010,mp-15661,Sc4C3,113.058
2011,mp-20892,ZrFeP,195.86
2012,mp-2114,YN,159.077
2013,mp-567713,Nb3TeI7,11.976
2014,mp-13160,YZnGe,76.81
2015,mp-25417,LiTiO2,132.322
2016,mp-19163,SrWO4,
2017,mp-1708,YTe,61.724
2018,mp-774712,LiCuS,53.764
2019,mp-567612,ScOs2,237.275
2020,mp-13095,YAlNi,92.941
2021,mp-569833,Zr2Ga,107.034
2022,mp-22302,ZrVP,177.538
2023,mp-736,Li3P,39.519
2024,mp-1009083,MgSnP2,55.805
2025,mp-8605,SrSbPt,58.536
2026,mp-7437,KZnP,36.508
2027,mp-6985,Ti,108.54
2028,mp-2807,ScP,90.559
2029,mp-30737,YMgAg,54.978
2030,mp-10300,ZrMoP,197.372
2031,mp-864794,ZnAg3,90.519
2032,mp-21440,NbCrGe,189.979
2033,mp-8402,RbMgF3,66.107
2034,mp-19870,GaFe3,169.4
2035,mp-23710,MgH2,49.554
2036,mp-31460,NbCoSb,193.533
2037,mp-13137,Hf2CS,178.939
2038,mp-2187,TiSb,90.133
2039,mp-11413,ScGa2,75.019
2040,mp-865051,NaCa2Tl,22.925
2041,mp-14112,PdF3,35.031
2042,mp-1285,PtO2,209.304
2043,mp-541487,TlPt2Se3,22.482
2044,mp-50,Ta,194.527
2045,mp-27726,SO2,4.436
2046,mp-30856,ZnPt3,211.734
2047,mp-581733,Zr4CuP,120.685
2048,mp-546125,ScAsO4,142.55
2049,mp-8861,Rb2MgF4,39.398
2050,mp-3792,YAlO3,190.06
2051,mp-18773,WO3,
2052,mp-758104,Mn11Pd21,142.138
2053,mp-953,NbZn3,118.284
2054,mp-556417,Rb2NiF6,
2055,mp-16305,ScPRu,175.386
2056,mp-33009,MnO2,
2057,mp-9339,NbP,185.947
2058,mp-18717,SrVO3,
2059,mp-11697,TaSb2,101.369
2060,mp-19069,NiAgO2,
2061,mp-1973,NbGa3,122.973
2062,mp-8484,ZnO2,138.631
2063,mp-20382,Ti6Sn5,113778.876
2064,mp-622570,Ti2Cu3,130.158
2065,mp-15985,Zr3(Cu2Ge)2,133.221
2066,mp-20202,MgSn4Ru,73.432
2067,mp-777479,VO2,
2068,mp-3427,LiAlO2,92.356
2069,mp-10200,ZrBeSi,138.583
2070,mp-22426,ScSiNi,134.315
2071,mp-2012,LiHg,32.253
2072,mp-558432,Na3P(SO)2,27.644
2073,mp-9023,ScSiAu,113.183
2074,mp-15316,SrMgF4,54.98
2075,mp-30788,SnMo3,216.251
2076,mp-10748,TaCu3S4,32.41
2077,mp-18922,Mn5O8,
2078,mp-3747,Ti3AlC2,158.241
2079,mp-2406,Mg5Pd2,62.662
2080,mp-570713,TiAlPt,161.564
2081,mp-9964,Ti3TlN,153.716
2082,mp-18468,Mn5SiC,205.196
2083,mp-552454,SrTaNO2,178.247
2084,mp-30836,TaPd3,210.488
2085,mp-1585,V3Co,208.895
2086,mp-23703,LiH,36.35
2087,mp-571263,KIn9Co2,48.749
2088,mp-30423,VAu2,125.266
2089,mp-8042,ZrGeO4,202.683
2090,mp-11531,VNi2,229.507
2091,mp-4471,ScAlO3,205.767
2092,mp-4653,Y(SiIr)2,173.891
2093,mp-570578,ZrIn3,75.835
2094,mp-4200,ScPO4,149.784
2095,mp-570744,Si3As4,58.179
2096,mp-11220,Sc2Al,70.371
2097,mp-754375,NaTi2O3,141.836
2098,mp-19313,Zn(FeO2)2,
2099,mp-977207,Li2Mg,20.429
2100,mp-2243,NbS,178.147
2101,mp-11512,LiAl2Ir,135.916
2102,mp-568121,Mn4Si7,
2103,mp-12580,Li2CdSn,35.899
2104,mp-15988,Li2CuSb,52.716
2105,mp-9514,Mg(AlC)2,132.844
2106,mp-742,Ti2Cu,130.928
2107,mp-999540,MnSe,51.3
2108,mp-31277,Sn4Ir,71.396
2109,mp-24237,ScH2,95.971
2110,mp-2034,W2C,334.971
2111,mp-977218,Li2Mg,21.078
2112,mp-25433,TiO2,43.04
2113,mp-13079,Mn2AlCo,158.934
2114,mp-1190,ZnSe,56.491
2115,mp-29153,Zr2NiP,157.834
2116,mp-718,SnPd3,145.871
2117,mp-1028,V3Te4,49.227
2118,mp-1038,MgCu2,91.482
2119,mp-754455,Sc2O3,138.896
2120,mp-570751,Nb3Te,170.078
2121,mp-30871,Ta3Sn,178.536
2122,mp-27275,Li3BO3,72.847
2123,mp-31080,YAlSi,87.972
2124,mp-2536,Ni2B,238.119
2125,mp-945,NiPt,216.646
2126,mp-2451,YAl3,71.776
2127,mp-1172,MgRh,115.355
2128,mp-8418,ZrCoP,199.308
2129,mp-11571,YSn3,57.293
2130,mp-22566,TlInS2,45.413
2131,mp-559598,LiScF4,86.711
2132,mp-19740,YInPt,100.795
2133,mp-30684,Zr3Ga2,111.017
2134,mp-13829,TlCu3S2,41.713
2135,mp-1314,Li12Si7,
2136,mp-19147,NiCO3,
2137,mp-567982,TaSn2,103.041
2138,mp-11520,YNiSb,88.707
2139,mp-11280,TiBe12,122.106
2140,mp-1352,ZrN,247.481
2141,mp-557257,KVF3,
2142,mp-255,NaHg,17.221
2143,mp-22889,ZnCl2,6.193
2144,mp-569834,LiCu2Sn,75.321
2145,mp-1523,ZrP2,126.441
2146,mp-11566,ScZn,75.344
2147,mp-117,Sn,35.858
2148,mp-380,ZnSe,56.264
2149,mp-11917,Mg(BeN)2,184.695
2150,mp-16493,YAl2Co,93.21
2151,mp-4756,ZnSnSb2,40.984
2152,mp-1545,Nb3Rh,201.402
2153,mp-28782,Na3PS4,22.958
2154,mp-3700,LiYF4,79.743
2155,mp-10739,TiPRu,219.7
2156,mp-1152,TiRh3,228.591
2157,mp-30686,Zr2Ga3,110.808
2158,mp-10890,LiAl3,63.994
2159,mp-3679,NiSbS,84.973
2160,mp-10212,ScGe2,80.354
2161,mp-21449,NbCoP,233.807
2162,mp-20492,ScSiRh,147.712
2163,mp-9575,LiBeSb,56.099
2164,mp-10046,V2AsC,200.377
2165,mp-11560,TiSiRu,203.131
2166,mp-10259,Zr(NiP)2,171.208
2167,mp-999068,Ti2AlV,117.59
2168,mp-11578,VZn3,117.948
2169,mp-1135,NbPd3,197.625
2170,mp-21894,LiSn4Ir,69.115
2171,mp-7931,SrP,44.749
2172,mp-865146,MgAsPt5,182.409
2173,mp-13208,Mg2Pt,70.693
2174,mp-10228,NbSe2,18.487
2175,mp-15778,MgNiSb,83.144
2176,mp-31459,TaCoSb,165.084
2177,mp-753059,TiOF,38.582
2178,mp-8577,Sc3GaC,
2179,mp-30491,MgCd3,43.169
2180,mp-7979,K2PdF6,23.767
2181,mp-19962,Sn2Pt,92.692
2182,mp-18918,ZnWO4,
2183,mp-2516,YZn,60.055
2184,mp-2533,NbO2,234.511
2185,mp-5078,SrZnF4,61.603
2186,mp-672287,Li13Si4,32.333
2187,mp-1526,TiHg,104.414
2188,mp-24726,TiH2,140.725
2189,mp-643279,K2H6Pt,15.531
2190,mp-1630,Zr3Hg,105.27
2191,mp-1099,NiGe,137.06
2192,mp-11583,Zr2SN2,159.854
2193,mp-13456,ZnS,68.983
2194,mp-7787,HfSO,141.028
2195,mp-30459,ScNiBi,87.697
2196,mp-1578,V3Rh,216.564
2197,mp-12403,LiBF4,14.836
2198,mp-2108,Ti5Si3,139.791
2199,mp-5348,MgCO3,103.452
2200,mp-4563,Ti3TlC,148.372
2201,mp-21855,VCu3Se4,35.323
2202,mp-20395,VAsRh,183.377
2203,mp-569426,SrZn2,35.093
2204,mp-11644,Li2Ca,16.117
2205,mp-1128,SiIr,215.0
2206,mp-12593,ScIr3,243.259
2207,mp-17695,Sc5Sn3,72.275
2208,mp-13964,HfGeTe,93.679
2209,mp-16336,Zr2Fe3Si,170.614
2210,mp-1082,VIr3,319.895
2211,mp-1393,Sn4Au,53.102
2212,mp-554573,SiO2,24.084
2213,mp-14208,LiYSi,62.422
2214,mp-8414,K2HfF6,15.293
2215,mp-27207,K2MgCl4,21.759
2216,mp-85,In,36.25
2217,mp-7936,LiNbS2,82.755
2218,mp-541,Ta3Sb,187.381
2219,mp-13472,HfSiRh,189.725
2220,mp-11385,YFe5,119.682
2221,mp-2006,V3Ir,239.084
2222,mp-865050,HfMgRh2,154.665
2223,mp-11486,Y2(Al3Co)3,106.898
2224,mp-13109,SrHfO3,157.502
2225,mp-13683,HfGe2,111.883
2226,mp-31458,TiSbRu,144.54
2227,mp-605034,K2NiF6,
2228,mp-13172,YMgCu4,90.416
2229,mp-754403,ZrO2,169.342
2230,mp-23804,Mg2FeH6,76.609
2231,mp-2212,ScCo,119.727
2232,mp-865586,VGaRu2,236.904
2233,mp-9916,NbCrSi,209.159
2234,mp-22152,NaFeAs,48.294
2235,mp-4492,MnCo2Si,218.693
2236,mp-1963,NbRh,227.229
2237,mp-8192,Rb2PtF6,
2238,mp-568014,Nb3Bi,158.674
2239,mp-28270,KCuS,16.721
2240,mp-390,TiO2,184.247
2241,mp-9919,LiZnSb,46.251
2242,mp-31456,HfSbRu,142.704
2243,mp-2592,Si2Mo,205.746
2244,mp-2201,PbSe,46.512
2245,mp-18725,YCrO3,
2246,mp-22607,Zn(InSe2)2,27.992
2247,mp-139,Sr,11.529
2248,mp-775909,ZrO2,194.576
2249,mp-754850,NaTiS2,52.215
2250,mp-2420,PW,
2251,mp-3642,ScCuO2,137.545
2252,mp-11580,TiCrP,206.197
2253,mp-11193,VAuS2,104.417
2254,mp-2430,ZrGe2,108.179
2255,mp-1326,Nb3Sn,165.507
2256,mp-22898,KI,10.558
2257,mp-756361,ZrSeO,121.879
2258,mp-546279,ScBrO,22.781
2259,mp-540791,Si4Rh3,178.662
2260,mp-20865,YCuPb,66.035
2261,mp-21069,YSiRu,131.731
2262,mp-865525,YCdHg2,76.015
2263,mp-2097,SnO,29.755
2264,mp-30842,ZrPd3,170.268
2265,mp-4551,SrHfO3,163.199
2266,mp-6931,Sr(AlSi)2,58.659
2267,mp-28230,TlSbS2,13.437
2268,mp-999096,Ti2AlCr,104.525
2269,mp-728,Li2Pd,50.698
2270,mp-570452,Y(SiAu)2,114.468
2271,mp-571651,TiSe,106.475
2272,mp-7623,MgAs4,43.341
2273,mp-30816,Li2AlPd,68.314
2274,mp-31496,Li2Sn2Au,47.106
2275,mp-2744,LiPd,79.812
2276,mp-865441,TiAlPd2,158.18
2277,mp-567618,Si5Pt12,
2278,mp-761390,TaFeO4,
2279,mp-9517,SrTiN2,121.679
2280,mp-3732,Ti2CS,179.75
2281,mp-5414,NaSbS2,23.333
2282,mp-29973,SrN,39.109
2283,mp-988,Si3N4,234.569
2284,mp-761524,MgCoO3,
2285,mp-7250,Nb6Co7,220.75
2286,mp-11248,LiAu3,98.057
2287,mp-974625,Re3Ru,350.663
2288,mp-14070,RbAlO2,91.475
2289,mp-3469,ZrNi2Sb,145.512
2290,mp-540,ScFe2,125.32
2291,mp-565,Sn2Rh,107.752
2292,mp-36111,LiMgP,53.996
2293,mp-3677,MgSiN2,173.274
2294,mp-2695,Sb2Os,128.863
2295,mp-11714,SiC,213.331
2296,mp-11695,Rb2Pd3S4,18.72
2297,mp-553243,YBi2BrO4,66.252
2298,mp-2449,NbRh3,248.556
2299,mp-19991,SrIn4Pd,47.85
2300,mp-20539,ScIn3,
2301,mp-755570,Li(NiS)2,72.246
2302,mp-30882,TiZn2,105.49
2303,mp-639874,Ta2Al,161.55
2304,mp-27919,Ti8C5,168.542
2305,mp-16723,Y3Al2,59.161
2306,mp-42,Ta,195.555
2307,mp-13447,Zn13Rh,88.419
2308,mp-7432,Sr(CdSb)2,37.561
2309,mp-46,Ti,112.944
2310,mp-8159,TlCu4S3,50.486
2311,mp-20049,LiFeP,71.576
2312,mp-30493,ZnCdPt2,154.491
2313,mp-19420,Sr2MgWO6,
2314,mp-20860,Mn3SnC,215.893
2315,mp-2758,SrSe,41.256
2316,mp-11202,Y6FeSb2,60.461
2317,mp-5670,LiTi2O4,-4729.5
2318,mp-780260,TiGeO3,27.439
2319,mp-129,Mo,262.529
2320,mp-867281,Tc3Pt,286.08
2321,mp-554973,TlCuF3,70.161
2322,mp-568077,TaFe2,424.186
2323,mp-670,NbCo2,-285885.176
2324,mp-2749,TiBe2,124.06
2325,mp-2033,Ni3N,201.929
2326,mp-755000,LiTiO2,129.822
2327,mp-5929,Na5SiP3,30.046
2328,mp-9382,SrZrN2,148.786
2329,mp-2488,SiOs,209.102
2330,mp-19424,TiCoO3,
2331,mp-3432,ScNiSb,103.751
2332,mp-12537,Ti2GaC,138.904
2333,mp-7891,Mg3As2,53.676
2334,mp-10991,YCuAs2,96.439
2335,mp-11517,NbRu3,254.366
2336,mp-6997,Sb2Te,32.089
2337,mp-568284,SrI2,13.289
2338,mp-865026,Mn2VSi,242.884
2339,mp-17848,Nb3Si,183.507
2340,mp-9225,ScSiPt,149.146
2341,mp-2152,YNi5,147.351
2342,mp-642644,V2H,190.35
2343,mp-8628,Te4Pt3,47.518
2344,mp-2056,Ni3Se2,105.255
2345,mp-21164,SrGePt,67.988
2346,mp-505822,TiSiRu,189.963
2347,mp-11464,MgHg2,40.223
2348,mp-4846,MnSbRh,112.852
2349,mp-2121,ScAl3,86.5
2350,mp-754727,LiNiS2,
2351,mp-866046,Ti3In,
2352,mp-14796,KPt2Se3,24.605
2353,mp-570832,SrPt5,158.423
2354,mp-21313,Mn3GaC,
2355,mp-18946,VBO3,
2356,mp-775808,MgO,115.534
2357,mp-2116,ZrMn2,-20404.314
2358,mp-12659,Mn2Nb,223.474
2359,mp-13495,ZrPd,137.302
2360,mp-2858,ZrO2,183.109
2361,mp-10891,MnAlPd2,145.343
2362,mp-5549,MgSnAu,65.619
2363,mp-759877,Li4CuF7,53.165
2364,mp-10744,Si3Pt2,161.294
2365,mp-10608,Y3SnC,81.995
2366,mp-30177,Y(Al2Cr)4,116.53
2367,mp-22325,P2Pb2O7,
2368,mp-862664,Rb2Zr2O5,86.047
2369,mp-31055,Sc3InN,96.711
2370,mp-505820,NiPS,25067.184
2371,mp-3340,TaAlCo2,203.111
2372,mp-21316,TaSiIr,258.184
2373,mp-568711,VPd3,175.556
2374,mp-754344,LiZnO2,101.841
2375,mp-867222,LiCa2Ir,48.032
2376,mp-19342,WO3,
2377,mp-3666,LiTaO3,121.383
2378,mp-19970,Li3CuO3,81.806
2379,mp-643009,SrMgH4,37.878
2380,mp-862586,Re3Pd,297.088
2381,mp-643063,NbSe2,21.889
2382,mp-1459,TaN,337.979
2383,mp-978269,MgZn2,-11105.186
2384,mp-291,TiOs,248.343
2385,mp-7524,NbPSe,127.788
2386,mp-23209,SrCl2,33.615
2387,mp-3054,Li2CO3,53.936
2388,mp-864972,Mg2PdAu,88.039
2389,mp-8884,ZnTe,42.546
2390,mp-13583,Sc2Si2Ru,121.632
2391,mp-2283,ZrCo,128.339
2392,mp-8,Re,365.046
2393,mp-11514,NbPt2,241.924
2394,mp-4524,ZnGeP2,73.515
2395,mp-2211,V3Pt,219.134
2396,mp-20901,NiSe2,96.857
2397,mp-510624,SrFeO3,
2398,mp-690490,TiVO4,
2399,mp-11239,ZrAg,105.282
2400,mp-30846,Sn3Pt2,102.187
2401,mp-2305,MoC,349.501
2402,mp-11499,YMg2,42.792
2403,mp-754246,TiSnO3,25.074
2404,mp-903,ZrCr2,180.27
2405,mp-10113,ScBIr3,242.814
2406,mp-11329,P2W,189.376
2407,mp-19009,NiO,
2408,mp-5621,NbCu3S4,44.381
2409,mp-8648,TiFeSi,187.835
2410,mp-1883,SnTe,38.189
2411,mp-7092,TiSi,145.819
2412,mp-11307,MgCd,42.673
2413,mp-1932,Nb3Os,232.709
2414,mp-11300,TiCdHg2,72.925
2415,mp-5475,NaTaN2,136.044
2416,mp-11621,ZnNiSb,96.917
2417,mp-570963,TaCr2,239.813
2418,mp-10208,NiMoP2,162.731
2419,mp-2931,Li2TiO3,110.301
2420,mp-30408,MgAu3,111.519
2421,mp-7930,Zr3(Cu2Si)2,132.377
2422,mp-16524,ScAlPd2,129.942
2423,mp-2809,Sb2S3,16.114
2424,mp-5137,Zr2SbP,114.043
2425,mp-675748,Zn2GeS4,41.016
2426,mp-9961,Ti2CdC,112.721
2427,mp-14797,RbPt2Se3,23.717
2428,mp-21467,TiCo2Sn,165.425
2429,mp-2263,ScIr2,216.325
2430,mp-862318,LiAl2Ni,103.846
2431,mp-1371,Sn3Pd,64.308
2432,mp-2231,SnS,23.336
2433,mp-9383,SrHfN2,156.263
2434,mp-341,PbF4,31.019
2435,mp-15113,Na2Si3O7,101.485
2436,mp-31185,MnAlFe2,204.228
2437,mp-2851,VSb2,99.681
2438,mp-14115,LiRhO2,114.358
2439,mp-10695,ZnS,69.082
2440,mp-12029,Li2CuP,58.571
2441,mp-33,Ru,310.062
2442,mp-4131,Sc(CoSi)2,154.927
2443,mp-783905,NaV2O4,
2444,mp-10446,Sc6NiTe2,71.461
2445,mp-10700,MgNi3C,168.29
2446,mp-569837,Ti3Sb,109.29
2447,mp-1260,SrPd5,106.301
2448,mp-22535,HfPbO3,166.252
2449,mp-30780,SrMgSn,
2450,mp-30875,Ti2Sn,114.555
2451,mp-23056,Sr2BrN,44.628
2452,mp-1022,K2S,18.259
2453,mp-9391,TaNi2Te3,21.521
2454,mp-20004,Zr2InC,118.251
2455,mp-9289,ZrSnTe,81.945
2456,mp-945184,YCuTe2,42.341
2457,mp-571163,MnSbRh2,
2458,mp-13276,SrLiP,44.645
2459,mp-2682,Sb2Rh,104.082
2460,mp-6938,ZnRh,171.239
2461,mp-2705,VPt3,247.745
2462,mp-644225,Sr2MgH6,44.442
2463,mp-12674,MnAu,113.61
2464,mp-30460,YNiBi,80.316
2465,mp-19835,Nb2InC,161.184
2466,mp-20541,V2P,206.579
2467,mp-31438,YZrSb,78.942
2468,mp-756214,YAlO3,188.656
2469,mp-8786,Zr2NiAs2,138.277
2470,mp-9687,K2PAu,21.569
2471,mp-11506,Ni3Mo,214.444
2472,mp-12411,Li2ZnGe,48.483
2473,mp-1539,ZrTe,94.136
2474,mp-4083,MgCuAs,65.78
2475,mp-11465,Mg5Hg3,42.841
2476,mp-19226,NaFePO4,
2477,mp-22875,TlBr,19.646
2478,mp-1009488,NiN,258.337
2479,mp-9060,RbPdF3,67.565
2480,mp-7771,Sr(CdAs)2,46.795
2481,mp-16297,Sc3SnC,101.411
2482,mp-27226,MgCu2O3,98.437
2483,mp-3821,K2PtF6,24.229
2484,mp-11279,TiBe,124.845
2485,mp-556,ZrNi,139.087
2486,mp-559976,Ta2CS2,34.146
2487,mp-865444,LiSc2Pt,89.908
2488,mp-2646,Mg3Sb2,42.369
2489,mp-13071,Sc2TlC,80.643
2490,mp-19017,LiFePO4,
2491,mp-823,TiCo,351.113
2492,mp-17783,Mg3Au,57.457
2493,mp-21873,NiAs2,105.659
2494,mp-10198,Mn3PdN,
2495,mp-628606,Rb2PdI6,9.032
2496,mp-30739,Mg3Ir,76.899
2497,mp-2652,Y2O3,138.413
2498,mp-758052,LiCuF3,72.986
2499,mp-1081,V3S4,97.046
2500,mp-13444,LiSn,37.597
2501,mp-999079,Ti2AlCu,105.546
2502,mp-9743,SrAsPd,64.685
2503,mp-9177,Y2Al3Si2,86.1
2504,mp-1808,Ti2Ni,641.344
2505,mp-7822,Sc5Si3,87.764
2506,mp-12700,NbPt3,249.254
2507,mp-1185,VRh3,251.212
2508,mp-1252,ZrBe2,118.38
2509,mp-7918,HfGeS,126.583
2510,mp-4673,SrHfO3,154.945
2511,mp-1030,SbPt7,576324.271
2512,mp-570632,ScBi,57.536
2513,mp-1894,WC,380.208
2514,mp-27606,ZrAs2,109.701
2515,mp-570428,Sc3In,
2516,mp-15643,SrMgGe,39.991
2517,mp-11449,HfMn2,474.25
2518,mp-20847,Ti5Sn3,106.614
2519,mp-10173,Li,14.344
2520,mp-682,NaF,46.136
2521,mp-753722,LiCuS2,41.616
2522,mp-189,SiRu,203.638
2523,mp-19328,NaWO3,
2524,mp-20698,LiCoAs,48.848
2525,mp-760396,TaAlO4,215.809
2526,mp-14983,Si4P4Ru,119.975
2527,mp-774922,Ti3TeO8,6.146
2528,mp-20424,MgCo3C,
2529,mp-30807,ZrNi4Sn,894034.2
2530,mp-2318,Nb2C,223.238
2531,mp-514,HfZn2,110.274
2532,mp-1799,TaCo2,247.841
2533,mp-2589,MgO2,129.089
2534,mp-2339,Ti3Pt,157.855
2535,mp-21249,YMnSi,89.902
2536,mp-30778,Mg5Rh2,112.559
2537,mp-13993,Ti3NiS6,73.57
2538,mp-19817,Y3InC,78.064
2539,mp-1620,Si2W,219.443
2540,mp-1367,Mg2Si,54.228
2541,mp-14019,NiB,261.814
2542,mp-2614,HfAl3,106.503
2543,mp-20828,Pt3Pb,172.406
2544,mp-1157,TaNi2,213.178
2545,mp-12724,SrZn,24.149
2546,mp-6969,Sc(CuSi)2,124.705
2547,mp-971662,Si,75.91
2548,mp-8219,Zr(CuP)2,127.405
2549,mp-1509,Sn2S3,16.845
2550,mp-15780,MgPPt5,197.337
2551,mp-2287,SiRh,184.478
2552,mp-18875,MgWO4,
2553,mp-568865,ZrTe,87.502
2554,mp-752496,TiOF,154.987
2555,mp-4964,YSbPt,96.369
2556,mp-1002124,HfC,158.82
2557,mp-9999,Ni(BMo)2,308.058
2558,mp-1108,TaB2,303.164
2559,mp-753197,HfTiO4,182.734
2560,mp-570485,SrAlSiH,51.695
2561,mp-505297,NbSbRu,168.993
2562,mp-30787,MoRh3,268.478
2563,mp-567345,NbRh,217.831
2564,mp-567636,VFeSb,162.865
2565,mp-571513,Rb2NbCl6,12.468
2566,mp-21471,LiFeAs,67.093
2567,mp-29069,Na(CuS)4,58.012
2568,mp-31453,NbSbRh,149.831
2569,mp-384,MgP4,57.463
2570,mp-504659,Hf2P,149.153
2571,mp-29646,HfAs2,114.549
2572,mp-6668,LiTiPO5,97.252
2573,mp-2176,ZnTe,42.833
2574,mp-7285,HfNi3,176.825
2575,mp-28163,K2PdF4,24.004
2576,mp-30784,Mg2Zn11,68.686
2577,mp-570684,ZrOs2,264.389
2578,mp-644278,Y2H2C,95.473
2579,mp-11504,MnZn3,80.961
2580,mp-13962,HfSiSe,70.196
2581,mp-9985,NbNiB,230.082
2582,mp-978534,SiGe,73.122
2583,mp-568673,Y(SiRu)2,153.522
2584,mp-865523,TiMnRh2,183.807
2585,mp-9472,LiAg2Ge,64.676
2586,mp-754311,Mg(ReO4)2,
2587,mp-146,V,181.232
2588,mp-408,Mg2Ge,49.429
2589,mp-37620,LiMnO2,
2590,mp-30866,Rh3W,282.841
2591,mp-19717,TePb,38.461
2592,mp-8689,V4GeSe8,
2593,mp-697030,Mg2H6Ru,75.094
2594,mp-4779,Li2B4O7,41.92
2595,mp-14628,ZnSnO3,143.83
2596,mp-12635,TiAu4,146.22
2597,mp-570276,ZrZn,106.664
2598,mp-2322,YAl2,79.891
2599,mp-11397,Ga3Ni2,118.283
2600,mp-8994,Rb2NbF6,21.645
2601,mp-569073,LiSn,34.696
2602,mp-11270,MnBe2,-275.776
2603,mp-19917,ZrSiTe,32.766
2604,mp-21012,Si3Rh5,198.297
2605,mp-20180,Mn3GeC,
2606,mp-3833,Mg(AlSi)2,62.188
2607,mp-13092,Zr6Al2Ni,111.94
2608,mp-22260,Y(MnSn)6,112.507
2609,mp-570287,Ta5Si3,210.57
2610,mp-2170,Li2Pt,66.968
2611,mp-9295,TaCu3Te4,34.708
2612,mp-1235,TiIr,227.385
2613,mp-976139,Li3Mg,19.333
2614,mp-1335,VFe,195.793
2615,mp-2251,Li3N,51.984
2616,mp-542136,Na3PSO3,38.66
2617,mp-685194,Li4Ti5O12,108.701
2618,mp-571126,Ti2BRh6,225.583
2619,mp-13365,SrZn2,36.313
2620,mp-9586,NbSnS2,68.64
2621,mp-20787,FeB,280.84
2622,mp-20485,InSe,10.288
2623,mp-550893,HfO2,252.656
2624,mp-564,TePd,97.958
2625,mp-779545,Na3CuO2,43.258
2626,mp-570923,YRe2,203.067
2627,mp-13313,ScTlSe2,41.765
2628,mp-862658,LiCu3,92.453
2629,mp-7483,KHgF3,50.671
2630,mp-2340,Na2O2,49.866
2631,mp-554107,K2Na4Ge2O7,
2632,mp-23711,MgH2,48.435
2633,mp-998981,TiAl3,102.749
2634,mp-3274,NiGePd,165.803
2635,mp-24728,VH2,175.664
2636,mp-569125,Mg3In,39.204
2637,mp-9124,LiZnAs,53.606
2638,mp-13032,MgS,55.408
2639,mp-5244,Ti2SbP,114.291
2640,mp-10675,Ti3AlN,162.649
2641,mp-2173,P2O5,40.395
2642,mp-9350,ScGeAu,100.236
2643,mp-9025,YSiAu,92.683
2644,mp-11869,HfSnPd,123.996
2645,mp-32679,Nb10C7,226.442
2646,mp-10706,ZrRu3C,258.82
2647,mp-810,NiSb,108.123
2648,mp-20932,NbNiP,215.347
2649,mp-1664,V3Pd,194.62
2650,mp-862316,LiBePt2,165.822
2651,mp-775001,V3FeO8,
2652,mp-9957,V2GeC,179.763
2653,mp-31451,ZrCoBi,118.226
2654,mp-642659,V2H,191.732
2655,mp-82,Tl,26.378
2656,mp-542854,Mg9Si5,58.465
2657,mp-6972,YCuO2,115.991
2658,mp-23268,NaI,15.1
2659,mp-8277,Sr(CdP)2,53.94
2660,mp-2827,YCo5,170.478
2661,mp-22722,NbSiPd,194.818
2662,mp-1249,MgF2,92.21
2663,mp-20191,Si3Ru2,200.155
2664,mp-22253,Zn(InS2)2,32.235
2665,mp-30884,YZn3,72.174
2666,mp-738,Sb2Au,72.555
2667,mp-27834,Tl2PtCl6,13.744
2668,mp-21306,TiCoSi,185.534
2669,mp-607475,Zr4In5Co2,84.627
2670,mp-972954,MgCd2,42.98
2671,mp-1842,NbAl3,126.155
2672,mp-11256,ScAu,103.841
2673,mp-10435,Y(AlSi)2,77.086
2674,mp-20928,Sb2Ru,111.249
2675,mp-19,Te,19.355
2676,mp-4852,Ni(RhSe2)2,85.507
2677,mp-13311,SrAlGe,46.288
2678,mp-31219,Si3W5,267.109
2679,mp-929,ZrCo2,129885.288
2680,mp-5839,TiPO4,102.75
2681,mp-266,Zr2Pd,123.894
2682,mp-19183,Li2NiO2,
2683,mp-10440,Mg(P2Rh3)2,204.177
2684,mp-1251,VRh,232.563
2685,mp-363,NbGe2,144.24
2686,mp-676058,V3NiS6,77.971
2687,mp-2059,NbAs,161.259
2688,mp-20086,MnSn2,66.375
2689,mp-15686,Li2CuAs,51.282
2690,mp-305,TiFe,198.715
2691,mp-566278,WO3,
2692,mp-29736,YAlGe,81.107
2693,mp-4499,MgAlSi,67.736
2694,mp-11278,Ta2Be,185.869
2695,mp-10092,KCu4Se3,41.111
2696,mp-869,TaAl3,132.414
2697,mp-973374,LiMg2,28.486
2698,mp-13090,YMgAl,57.528
2699,mp-22905,LiCl,32.161
2700,mp-3567,NaVSe2,46.152
2701,mp-569989,Nb2C,226.573
2702,mp-7435,KCuSe,35.575
2703,mp-864670,Ta2VOs,245.861
2704,mp-9173,TiO2,100.826
2705,mp-7080,Li5(NiN)3,77.127
2706,mp-786,MnSb,56.824
2707,mp-864639,Ta2NbOs,240.518
2708,mp-19963,TiFe2Sn,183.277
2709,mp-10183,MgSbPd,79.924
2710,mp-770618,MgMnO3,
2711,mp-18766,Si(NiO2)2,
2712,mp-10281,ZnS,69.067
2713,mp-977059,MgPd5,140.05
2714,mp-10189,LiTiTe2,35.309
2715,mp-13033,MgTe,35.367
2716,mp-18949,VFeO4,
2717,mp-5971,YBPt2,159.168
2718,mp-1039,MgTe,33.954
2719,mp-22390,SrRuO3,166.165
2720,mp-21469,VCo2Sn,178.311
2721,mp-20325,Ti3InC,
2722,mp-567276,TaV2,194.158
2723,mp-19102,Sr2FeO4,
2724,mp-782,Te2Pd,53.053
2725,mp-568901,NbFe2,305.721
2726,mp-11252,MnAu2,121.429
2727,mp-23350,Rb2PtCl6,
2728,mp-20599,PdPb2,65.662
2729,mp-8843,SrSiPd,68.756
2730,mp-866155,TiAlRu2,209.627
2731,mp-28145,Rb2PdCl6,10.81
2732,mp-776331,Zr5N5O2,
2733,mp-10894,MnAlRh2,185.161
2734,mp-582360,TaPd3,201.293
2735,mp-1482,Zr2Al3,107.69
2736,mp-761556,MnCoO4,
2737,mp-30563,ZrCoSn,140.779
2738,mp-22120,YRh3C,196.814
2739,mp-10054,ZrAs,117.397
2740,mp-20318,Mn2B,301.039
2741,mp-4043,NbCu3Se4,33.566
2742,mp-14088,Rb2PdF6,12.393
2743,mp-11809,TiAl2,109.309
2744,mp-4248,YCoC2,164.762
2745,mp-9566,Sr(MgSb)2,37.968
2746,mp-20315,Ti2InC,
2747,mp-754567,NaCdO2,69.553
2748,mp-317,SnRh,140.398
2749,mp-569639,TlCl,18.005
2750,mp-1008920,Mn2Ge,174.991
2751,mp-766486,LiCuS2,46.834
2752,mp-3390,Y(CuSi)2,118.289
2753,mp-850062,LiNiO2,
2754,mp-30821,LiAl2Rh,119.342
2755,mp-20662,Sn4Pt,60.455
2756,mp-755313,Sc2O3,172.651
2757,mp-690785,Na2H6Pt,22.335
2758,mp-135,Li,13.87
2759,mp-4878,ZrGeSe,103.022
2760,mp-569794,Ta,-8469022.684
2761,mp-556927,RbFeF4,
2762,mp-1437,LiCd,35.162
2763,mp-30501,Ti2Cd,89.283
2764,mp-22769,TiCoGe,168.613
2765,mp-12773,Zr2Al,97.792
2766,mp-569167,Nb4N3,282.104
2767,mp-862868,PbBr2,24.977
2768,mp-7434,NaCuTe,31.971
2769,mp-1145,TiB2,254.22
2770,mp-862657,LiCuPd2,144.978
2771,mp-7350,Li(YSi)2,67.911
2772,mp-7187,TiAlNi2,164.644
2773,mp-504580,VCuO3,
2774,mp-30599,Ti2Cu3,139.182
2775,mp-10402,TiTl2F6,25.672
2776,mp-22150,Zr2InCo2,152.951
2777,mp-8001,LiAlO2,142.701
2778,mp-865939,LiMg2,30.17
2779,mp-7544,ZrSiRu,191.197
2780,mp-549,ScSb,65.333
2781,mp-11565,YRh5,178.749
2782,mp-10711,VSi2,175.432
2783,mp-1361,IrSe2,105.86
2784,mp-316,MnV,243.086
2785,mp-5938,SrCu2O3,96.447
2786,mp-1282,VC,306.705
2787,mp-8642,Re,363.048
2788,mp-21342,V3Sn,162.896
2789,mp-1782,ScSe,81.738
2790,mp-8231,ZrSO,170.185
2791,mp-672299,YInNi,85.206
2792,mp-29009,Li2MgBr4,19.912
2793,mp-20840,MnCo2Sn,166.928
2794,mp-30817,LiAl2Pd,104.819
2795,mp-17413,Ti3Rh5,204.618
2796,mp-697179,ZrH,119.121
2797,mp-27678,Y2Cl3,15.328
2798,mp-976262,LiMg,25.743
2799,mp-672340,LiIn2Ru,95.132
2800,mp-10154,MnSbIr,131.258
2801,mp-16238,Li2AgSb,46.551
2802,mp-4897,ScSnPd2,123.983
2803,mp-569849,Li15Si4,29.691
2804,mp-1275,SiMo3,251.363
2805,mp-656887,Ni3O4,
2806,mp-22275,YSnPt,108.198
2807,mp-12908,ScAgSe2,61.141
2808,mp-21418,MnSnPt,59.75
2809,mp-14024,Zr3O,131.559
2810,mp-35785,Y2CdS4,61.871
2811,mp-560865,ZrCuF6,
2812,mp-1336,PdO,155.722
2813,mp-12696,YMgPd,71.355
2814,mp-1491,VB2,283.799
2815,mp-1159,Zr2Fe,123.018
2816,mp-19809,MnCoSi,160.562
2817,mp-10463,YCo4B,173.919
2818,mp-764949,MnF3,
2819,mp-29896,Y2B3C2,149.778
2820,mp-24084,KH,13.704
2821,mp-19856,SnPt,127.368
2822,mp-16860,Mg13Ir3,60.24
2823,mp-30811,Ni4W,226.168
2824,mp-2598,Ta5Sb4,105.592
2825,mp-10196,Ta2N,270.475
2826,mp-11277,ScBe5,108.626
2827,mp-4541,NaCuO2,58.273
2828,mp-7632,NiMoP,238.287
2829,mp-866171,YMgAu2,83.086
2830,mp-3924,LiNbO2,156.667
2831,mp-755302,TiNbO4,162.315
2832,mp-6908,YMgZn,52.989
2833,mp-7857,TiB,207.405
2834,mp-7482,RbHgF3,50.69
2835,mp-1472,ZrB2,237.763
2836,mp-12317,SrCN2,56.929
2837,mp-31457,ZrSbRu,136.523
2838,mp-8041,Rb2S,
2839,mp-29135,Zr6CoAs2,121.804
2840,mp-9172,Li4TiO4,79.937
2841,mp-7851,TaCo3,134964.325
2842,mp-19133,YVO4,
2843,mp-22617,YNiSn,88.056
2844,mp-567197,YSnAu,77.288
2845,mp-2168,SnSe,27.105
2846,mp-11263,Zr3Au,117.118
2847,mp-601285,MnGaNi2,157.893
2848,mp-11345,ZrP,135.334
2849,mp-12177,Te2O5,47.587
2850,mp-571160,Tl2Pt,64.88
2851,mp-3970,K2TiF6,27.845
2852,mp-570698,V3Au,177.227
2853,mp-862779,Tc3Os,325.151
2854,mp-9563,Li2Sb,
2855,mp-12760,Zr6Al2Co,105.44
2856,mp-113,Tc,296.007
2857,mp-7066,ScNiGe,124.163
2858,mp-975906,LiAl3,62.466
2859,mp-11029,Y(Al2Cu)4,104.534
2860,mp-22716,LiCu2P,77.333
2861,mp-12752,Zr4Al3,107.665
2862,mp-755759,ZrO2,213.895
2863,mp-1019,YNi2,-233403.56
2864,mp-2743,LiPd,72.655
2865,mp-288,PtS,131.19
2866,mp-20144,NbCrP,214.246
2867,mp-331,ScAl,78.486
2868,mp-4697,Zn(CrSe2)2,72.426
2869,mp-865594,Y2CuIr,99.876
2870,mp-2772,ZrAl2,113.59
2871,mp-544,Ti3Ir,169.105
2872,mp-556424,RbVF3,
2873,mp-13725,Li3PO4,70.982
2874,mp-753826,LiCuS,
2875,mp-755769,ZrO2,159.745
2876,mp-569875,ScBRh3,195.322
2877,mp-7443,Nb2CrSe4,75.556
2878,mp-4909,V2NiS4,96.085
2879,mp-9923,VP2,154.817
2880,mp-755328,ZrSn2,87.588
2881,mp-18767,LiMnO2,
2882,mp-3909,ZrAlCo2,162.789
2883,mp-570691,Ti3Sn,114.12
2884,mp-11533,ZrZnNi4,162.623
2885,mp-11073,Ti3In3Rh2,123.289
2886,mp-31187,TiAlFe2,184.183
2887,mp-1823,Ti3Al,113.96
2888,mp-775296,TiMnO4,
2889,mp-672371,Ni3Sb,168.202
2890,mp-972088,Zr3Zn,94.083
2891,mp-37473,TiOF2,134.531
2892,mp-3654,RbCaF3,48.191
2893,mp-754333,TiO,231.655
2894,mp-5042,YTiGe,86.156
2895,mp-1211,ScCd,67.024
2896,mp-643002,Mg2H6Os,76.044
2897,mp-21422,YCoC,141.273
2898,mp-18778,Zr(WO4)2,
2899,mp-643101,Rb2H6Pt,13.624
2900,mp-153,Mg,36.448
2901,mp-779517,Sr3Hf2O7,135.285
2902,mp-22040,Sn7Ir3,110.258
2903,mp-20279,NbInSe2,
2904,mp-11192,TaSi2,184.679
2905,mp-570483,V5Si3,187.603
2906,mp-696497,Mg3Si4(HO6)2,54.317
2907,mp-2540,VTc,254.937
2908,mp-11471,ScHg,76.842
2909,mp-862871,PbCl2,29.472
2910,mp-505206,Ta3SiTe6,20.916
2911,mp-4613,Zr2SnC,126.349
2912,mp-11482,MoIr3,337.003
2913,mp-1279,TaN,306.305
2914,mp-23736,LiMgH3,40.623
2915,mp-11572,TaTc,257.672
2916,mp-549706,MgO,110.7
2917,mp-27848,TiIN,24.065
2918,mp-7173,ScSbPt,112.645
2919,mp-3519,ZrSO,130.347
2920,mp-38035,SrCO3,62.636
2921,mp-755453,MnP4,130.329
2922,mp-3623,MnAlCo2,188.169
2923,mp-2634,NbN,312.566
2924,mp-2065,MnS,60.377
2925,mp-30685,ZrGa3,97.364
2926,mp-20211,Mn3Si,227.244
2927,mp-4230,Sc3TlC,97.309
2928,mp-30768,Li7Sn3,30.336
2929,mp-11537,NbAlRu2,230.476
2930,mp-570199,Ti3Pd5,160.452
2931,mp-4359,Sr2PdO3,97.839
2932,mp-8938,Si2Mo,207.258
2933,mp-754364,Y2CuO4,144.406
2934,mp-862360,Sc2NiIr,137.387
2935,mp-10390,Ta2O5,126.687
2936,mp-3791,ScCo2Sn,137.52
2937,mp-755875,Ti3O4,179.336
2938,mp-5129,Y(CoSi)2,133.147
2939,mp-864889,ZrZn3,101.369
2940,mp-5538,YSnPd2,107.794
2941,mp-2395,Sb3Rh,
2942,mp-29481,Rb2WBr6,9.727
2943,mp-10550,SrMg2N2,93.805
2944,mp-9595,NbInO4,161.141
2945,mp-219,MoP,219.328
2946,mp-763,MgB2,147.434
2947,mp-22867,RbBr,
2948,mp-999142,SnO,
2949,mp-22396,Nb4SiNi,187.702
2950,mp-1775,SnAu,72.865
2951,mp-510409,TiSiNi,176.474
2952,mp-2731,TiGa3,97.756
2953,mp-432,NbRu,234.476
2954,mp-10270,ScCo3C,208.929
2955,mp-5443,Nb2SnC,161.142
2956,mp-18316,Mg2Pd,68.21
2957,mp-12622,SrPdF4,62.819
2958,mp-2856,Mn4Al11,123.19
2959,mp-19390,WO3,
2960,mp-542488,MgCo,
2961,mp-891,TaNi3,218.124
2962,mp-754553,Zn3N2,
2963,mp-20940,TiCdO3,146.93
2964,mp-12675,MnAu,
2965,mp-22568,V3Ga,168.668
2966,mp-12558,LiMgAs,46.549
2967,mp-30648,LiMg2Ga,38.321
2968,mp-4448,Y3AlC,79.684
2969,mp-570074,Sc3IrC4,189.75
2970,mp-28024,YSiPd2,126.394
2971,mp-23052,ZrIN,19.161
2972,mp-972845,SiMo,199.027
2973,mp-776250,Zr2N2O,
2974,mp-2894,ScSnAu,88.353
2975,mp-30338,Y3Al,49.823
2976,mp-10746,Mg2Cu3Si,96.222
2977,mp-3136,NaNbO3,176.561
2978,mp-10139,Sc3SnB,83.179
2979,mp-973455,LiMg2,29.769
2980,mp-567397,W2C,335.85
2981,mp-13010,YSn2,59.361
2982,mp-27831,Rb2ZrCl6,10.523
2983,mp-975065,Re,365.253
2984,mp-628,Zr2Co,110.323
2985,mp-505554,Sc(FeSi)2,172.302
2986,mp-12109,ZrRe2,252.922
2987,mp-760439,TaTiO4,2368209.083
2988,mp-22565,MnSiRh,154.446
2989,mp-12104,NbSi2,175.016
2990,mp-755300,TiO,208.643
2991,mp-9987,Nb2PC,222.653
2992,mp-761315,MnFeO4,
2993,mp-1120,Mo3Ir,282.393
2994,mp-2472,SrO,84.99
2995,mp-754588,ZrBiO4,
2996,mp-864953,MnV2Cr,231.986
2997,mp-5529,MnFe2Si,237.181
2998,mp-5532,Sr2TiO4,127.094
2999,mp-1555,V3Sb,171.734
3000,mp-14587,ZnP4,66.685
3001,mp-2659,LiN3,35.899
3002,mp-27677,KCu4S3,47.956
3003,mp-4573,TlSbTe2,28.606
3004,mp-1907,TiTe2,20.685
3005,mp-351,SiNi,164.819
3006,mp-29889,Tl2PdCl4,13.465
3007,mp-570670,YOs2,212.391
3008,mp-16548,ZrTiF6,84.573
3009,mp-214,ZrRu,180.261
3010,mp-30886,YZn12,79.823
3011,mp-568803,Mg(B6C)2,228.181
3012,mp-23295,RbCl,
3013,mp-1281,VIr,273.207
3014,mp-27827,Rb2TiCl6,9.65
3015,mp-1840,TiO2,190.856
3016,mp-21907,NbSiAs,151.91
3017,mp-20012,InSb,36.737
3018,mp-9960,Y3TlC,77.491
3019,mp-27243,K2PtBr4,10.721
3020,mp-976256,Li3Mg,18.913
3021,mp-4820,ZrSiO4,202.03
3022,mp-569151,MnGaPt,103.094
3023,mp-4593,Mn3AlC,235.077
3024,mp-560902,MnF2,
3025,mp-2481,Mg2Cu,56.418
3026,mp-997031,MgCuO2,136.108
3027,mp-19407,MnWO4,
3028,mp-10311,ZrVGe,144.113
3029,mp-20586,VCo2Si,216.418
3030,mp-14142,TiZnO3,169.135
3031,mp-2879,SrSnO3,137.515
3032,mp-13108,SrHfO3,156.926
3033,mp-112,Y,41.717
3034,mp-570491,TaNi3,221.34
3035,mp-873,VPd3,190.816
3036,mp-20199,PPbS3,
3037,mp-2313,MgIn,38.92
3038,mp-7375,KNbO3,103.322
3039,mp-5259,RbAlF4,45.534
3040,mp-19448,Ni3TeO6,
3041,mp-752947,NaTiS2,53.161
3042,mp-20001,SrSnPt,69.787
3043,mp-10052,TiAs,115.242
3044,mp-7650,RbScO2,94.252
3045,mp-999473,ZnN,169.406
3046,mp-27839,K2TiCl6,12.238
3047,mp-30851,Ti3Pt5,202.97
3048,mp-12546,TiCu3,141.202
3049,mp-30242,Mg4H2O5,88.485
3050,mp-3138,Na8SnSb4,18.677
3051,mp-12595,MoRh,265.285
3052,mp-18712,Mg3Pd,76.484
3053,mp-550306,YCu2Bi2(SeO2)2,61.482
3054,mp-9166,MgCN2,96.751
3055,mp-7631,SiC,213.119
3056,mp-971706,ZnBiO3,152.502
3057,mp-4500,ZrNbP,173.675
3058,mp-29556,Tl2WCl6,14.578
3059,mp-19219,Li3VO4,
3060,mp-13314,ScTlTe2,32.504
3061,mp-507,SiNi2,202.978
3062,mp-15669,Ti3Te4,52.172
3063,mp-4656,Y(Al2Fe)4,123.771
3064,mp-12107,TiPt3,238.047
3065,mp-548,NbCr2,228.632
3066,mp-1266,Na2Se,23.909
3067,mp-973364,Mg,35.997
3068,mp-20147,ZrMnP,174.291
3069,mp-11327,Rb2Se,13.717
3070,mp-11231,YAl3,75.089
3071,mp-19003,MgV2O5,
3072,mp-921,YRh2,152.291
3073,mp-10140,Sc3TlB,76.574
3074,mp-690760,TiH,127.744
3075,mp-610972,MnGePd,125.652
3076,mp-6980,ScCuS2,79.868
3077,mp-567842,TaBe12,136.248
3078,mp-635,ScRh3,185.005
3079,mp-19728,YSiRh,124.598
3080,mp-754671,YScO2,
3081,mp-4661,ScOF,142.79
3082,mp-30405,Li2SnAu,55.812
3083,mp-28711,Sb2S2O,11.667
3084,mp-1006226,ZnBi,38.35
3085,mp-22956,K2PdCl4,11.845
3086,mp-22700,V3Se4,80.248
3087,mp-23034,SrZnCl4,32.01
3088,mp-553875,Zr2SN2,157.723
3089,mp-567889,TiGe2,113.668
3090,mp-11557,ScRe2,226.157
3091,mp-9158,LiCuO2,81.11
3092,mp-676828,ZnCuAs,
3093,mp-11513,NbNi3,197.229
3094,mp-10919,Rb2PtC2,36.208
3095,mp-20905,OsS2,193.971
3096,mp-3635,LiBO2,62.738
3097,mp-684709,K3B17,97.13
3098,mp-17639,Y2Zn17,80.602
3099,mp-864940,Mg2PtRh,120.332
3100,mp-35539,Zn2GeSe4,34.738
3101,mp-7583,SiS2,27.416
3102,mp-22227,ZrMnSi,146.187
3103,mp-569785,TlPd3,132.434
3104,mp-11806,LiMgSnPt,86.934
3105,mp-569886,KIn9Ni2,39.521
3106,mp-15803,Y2MgSe4,51.637
3107,mp-2657,TiO2,208.538
3108,mp-11113,TiTeAs,77.175
3109,mp-7707,Zr(SiNi)2,179.797
3110,mp-32311,Re2NiO8,
3111,mp-1278,Zr2Si,127.293
3112,mp-2301,NiP3,125.545
3113,mp-1356,Sb2Pd,87.651
3114,mp-11250,Mg2Au,
3115,mp-570896,Tl2Pd,56.741
3116,mp-567750,ScRu2,188.959
3117,mp-8601,Te4Mo3,32.683
3118,mp-22934,K2PtCl4,12.029
3119,mp-30682,ZrGa,113.596
3120,mp-669692,NbPd3,196.318
3121,mp-1114,VP,169.325
3122,mp-30847,TiSnPt,136.97
3123,mp-16764,RbYTe2,26.11
3124,mp-10749,SrCuSb,47.985
3125,mp-11481,MoIr,309.568
3126,mp-7140,SiC,213.563
3127,mp-18988,Li2MnO3,
3128,mp-4366,Na2PtC2,54.301
3129,mp-864920,MgZrAu2,114.52
3130,mp-2677,ScPd3,143.721
3131,mp-29752,NiGePt2,195.587
3132,mp-10850,SbTePd,79.387
3133,mp-1232,Mo3Pt,265.997
3134,mp-8044,V2PC,227.261
3135,mp-7948,ReSi,
3136,mp-215,YSb,57.085
3137,mp-30494,ScCd3,61.151
3138,mp-4636,ScCuO2,135.234
3139,mp-554601,RbCuF3,69.734
3140,mp-556194,SrSbSe2F,43.286
3141,mp-4992,ScCrC2,208.072
3142,mp-505540,TiAsRh,176.642
3143,mp-8282,Ti2N,203.884
3144,mp-22749,Mn5C2,219.19
3145,mp-625487,Zn(HO)2,54.605
3146,mp-230,SbO2,94.068
3147,mp-864952,Mg3Ag,47.879
3148,mp-20618,Y2Co3Si5,142.289
3149,mp-18759,Mn3O4,
3150,mp-542429,Mg3Rh,65.593
3151,mp-3155,Sc3FeC4,174.3
3152,mp-3536,MgAl2O4,182.861
3153,mp-16733,Sc2GaC,86.195
3154,mp-429,ZnNi,144.695
3155,mp-15695,YAsPt,111.197
3156,mp-558781,ScTaO4,178.016
3157,mp-171,VNi3,217.129
3158,mp-567412,Y5Sn3,62.369
3159,mp-7557,Nb5SiSn2,-3038571.263
3160,mp-30819,LiAl2Pt,124.378
3161,mp-2857,ScN,200.491
3162,mp-2697,SrO2,71.147
3163,mp-16648,LiSn4Rh,63.729
3164,mp-978508,Si3Os,
3165,mp-3216,Li2ZrN2,132.436
3166,mp-9902,Sc2CoSi2,120.146
3167,mp-5396,MnCo2Sb,174.535
3168,mp-7596,NbNO,236.601
3169,mp-2078,TiCu,127.744
3170,mp-75,Nb,172.05
3171,mp-11693,TePt,46.872
3172,mp-691,SnSe,23.839
3173,mp-19391,NaVO2,
3174,mp-19940,VAs,138.579
3175,mp-399,Te2Pt,45.176
3176,mp-753946,LiCoS2,76.01
3177,mp-4342,KNbO3,109.845
3178,mp-2663,Nb3Pt,203.6
3179,mp-4771,TiAlCu2,134.483
3180,mp-9988,Nb2CS,194.217
3181,mp-37091,Sr(AlTe2)2,23.229
3182,mp-569775,ZrAl3,102.592
3183,mp-9549,ScFeGe,98.654
3184,mp-30683,ZrGa2,99.541
3185,mp-866161,VRh3,251.039
3186,mp-11328,P2W,188.205
3187,mp-640041,NbZn16,
3188,mp-7473,LiCu2Si,105.396
3189,mp-7006,SrNbO3,173.24
3190,mp-571059,YCd3,57.047
3191,mp-13164,Ti2Pd,141.684
3192,mp-2311,NbO,242.599
3193,mp-21090,MnNiGe,116.642
3194,mp-1471,Zr3Al,100.33
3195,mp-636334,SnRh2,176.402
3196,mp-866152,TiBeCo2,191.214
3197,mp-13503,ScZn2,81.128
3198,mp-559,YPd3,124.541
3199,mp-1953,TiAl,113.483
3200,mp-2327,TiZn16,79.295
